ID	TARGET	EVENT_DATE
ID00002	0	04/10/2019
ID00003	0	09/10/2019
ID00004	0	08/10/2019
ID00007	0	01/10/2019
ID00009	0	04/10/2019
ID00011	0	07/10/2019
ID00012	0	12/10/2019
ID00014	0	10/10/2019
ID00016	0	14/10/2019
ID00018	0	04/10/2019
ID00019	0	06/10/2019
ID00020	0	05/10/2019
ID00021	0	03/10/2019
ID00023	0	13/10/2019
ID00024	0	07/10/2019
ID00029	0	10/10/2019
ID00030	0	12/10/2019
ID00031	0	06/10/2019
ID00032	0	09/10/2019
ID00033	0	06/10/2019
ID00034	0	02/10/2019
ID00036	0	07/10/2019
ID00037	0	05/10/2019
ID00039	0	12/10/2019
ID00040	0	03/10/2019
ID00041	0	05/10/2019
ID00042	0	06/10/2019
ID00043	0	13/10/2019
ID00044	0	12/10/2019
ID00045	0	11/10/2019
ID00047	0	13/10/2019
ID00050	0	08/10/2019
ID00051	1	08/10/2019
ID00052	0	12/10/2019
ID00053	0	03/10/2019
ID00054	0	11/10/2019
ID00056	0	07/10/2019
ID00058	0	11/10/2019
ID00059	0	12/10/2019
ID00062	0	10/10/2019
ID00063	0	11/10/2019
ID00064	0	02/10/2019
ID00065	0	11/10/2019
ID00066	0	12/10/2019
ID00067	0	02/10/2019
ID00069	0	01/10/2019
ID00071	0	03/10/2019
ID00072	1	11/10/2019
ID00074	0	13/10/2019
ID00075	0	14/10/2019
ID00080	0	01/10/2019
ID00083	0	02/10/2019
ID00087	0	03/10/2019
ID00091	1	05/10/2019
ID00093	0	12/10/2019
ID00094	0	01/10/2019
ID00095	0	01/10/2019
ID00097	0	06/10/2019
ID00098	0	03/10/2019
ID00100	0	06/10/2019
ID00102	0	06/10/2019
ID00109	0	06/10/2019
ID00110	0	11/10/2019
ID00111	0	04/10/2019
ID00112	0	05/10/2019
ID00114	0	14/10/2019
ID00115	0	14/10/2019
ID00116	0	11/10/2019
ID00117	0	12/10/2019
ID00118	0	06/10/2019
ID00121	0	10/10/2019
ID00124	0	02/10/2019
ID00125	0	13/10/2019
ID00129	0	02/10/2019
ID00132	0	10/10/2019
ID00136	0	12/10/2019
ID00138	0	03/10/2019
ID00140	0	02/10/2019
ID00142	0	07/10/2019
ID00143	1	08/10/2019
ID00144	0	11/10/2019
ID00145	0	09/10/2019
ID00147	0	02/10/2019
ID00148	0	05/10/2019
ID00149	0	10/10/2019
ID00151	0	09/10/2019
ID00154	0	01/10/2019
ID00155	0	02/10/2019
ID00156	0	02/10/2019
ID00158	0	06/10/2019
ID00160	0	07/10/2019
ID00162	0	03/10/2019
ID00163	0	10/10/2019
ID00164	0	05/10/2019
ID00166	0	06/10/2019
ID00167	0	04/10/2019
ID00168	0	06/10/2019
ID00169	1	07/10/2019
ID00170	0	01/10/2019
ID00171	0	10/10/2019
ID00172	0	08/10/2019
ID00174	0	13/10/2019
ID00175	0	02/10/2019
ID00176	0	07/10/2019
ID00179	0	03/10/2019
ID00181	0	05/10/2019
ID00182	1	14/10/2019
ID00185	1	11/10/2019
ID00187	0	14/10/2019
ID00190	0	03/10/2019
ID00191	0	02/10/2019
ID00192	0	08/10/2019
ID00193	0	01/10/2019
ID00194	0	14/10/2019
ID00196	0	01/10/2019
ID00197	0	08/10/2019
ID00199	0	09/10/2019
ID00201	0	07/10/2019
ID00204	0	04/10/2019
ID00208	0	07/10/2019
ID00209	0	08/10/2019
ID00210	0	08/10/2019
ID00211	0	01/10/2019
ID00213	0	08/10/2019
ID00215	0	06/10/2019
ID00216	0	03/10/2019
ID00217	0	14/10/2019
ID00218	0	02/10/2019
ID00221	0	02/10/2019
ID00222	0	12/10/2019
ID00225	0	10/10/2019
ID00227	0	01/10/2019
ID00229	0	13/10/2019
ID00230	0	13/10/2019
ID00231	0	02/10/2019
ID00232	0	01/10/2019
ID00233	0	01/10/2019
ID00234	0	01/10/2019
ID00235	0	12/10/2019
ID00237	0	01/10/2019
ID00239	0	12/10/2019
ID00240	0	02/10/2019
ID00242	0	05/10/2019
ID00243	1	07/10/2019
ID00244	1	07/10/2019
ID00245	0	07/10/2019
ID00248	0	11/10/2019
ID00249	0	06/10/2019
ID00251	0	08/10/2019
ID00253	0	08/10/2019
ID00255	0	07/10/2019
ID00256	0	14/10/2019
ID00257	0	09/10/2019
ID00258	1	11/10/2019
ID00261	0	13/10/2019
ID00262	0	10/10/2019
ID00264	0	03/10/2019
ID00268	0	08/10/2019
ID00269	0	07/10/2019
ID00270	0	11/10/2019
ID00271	0	05/10/2019
ID00272	0	08/10/2019
ID00273	0	10/10/2019
ID00275	0	07/10/2019
ID00277	1	02/10/2019
ID00280	0	09/10/2019
ID00281	0	09/10/2019
ID00282	0	12/10/2019
ID00283	1	10/10/2019
ID00284	0	04/10/2019
ID00286	0	08/10/2019
ID00288	0	09/10/2019
ID00290	0	10/10/2019
ID00291	0	07/10/2019
ID00292	0	05/10/2019
ID00294	0	10/10/2019
ID00296	0	04/10/2019
ID00298	0	13/10/2019
ID00299	1	12/10/2019
ID00300	0	10/10/2019
ID00301	0	09/10/2019
ID00302	0	10/10/2019
ID00303	0	06/10/2019
ID00305	0	07/10/2019
ID00306	0	03/10/2019
ID00307	0	04/10/2019
ID00308	0	09/10/2019
ID00314	0	09/10/2019
ID00315	0	02/10/2019
ID00316	0	02/10/2019
ID00317	0	09/10/2019
ID00322	0	08/10/2019
ID00324	0	07/10/2019
ID00325	0	09/10/2019
ID00326	0	13/10/2019
ID00327	0	09/10/2019
ID00329	0	10/10/2019
ID00330	0	14/10/2019
ID00331	0	11/10/2019
ID00332	0	07/10/2019
ID00334	0	08/10/2019
ID00335	0	08/10/2019
ID00336	0	04/10/2019
ID00338	0	09/10/2019
ID00340	0	06/10/2019
ID00341	0	14/10/2019
ID00343	1	11/10/2019
ID00348	0	05/10/2019
ID00349	0	08/10/2019
ID00350	0	05/10/2019
ID00351	0	08/10/2019
ID00353	0	13/10/2019
ID00354	0	05/10/2019
ID00356	0	01/10/2019
ID00359	0	14/10/2019
ID00364	0	08/10/2019
ID00366	0	05/10/2019
ID00367	0	02/10/2019
ID00368	1	05/10/2019
ID00369	0	03/10/2019
ID00370	0	04/10/2019
ID00371	0	02/10/2019
ID00372	0	04/10/2019
ID00373	0	02/10/2019
ID00377	0	12/10/2019
ID00379	0	03/10/2019
ID00380	0	08/10/2019
ID00382	0	07/10/2019
ID00384	0	01/10/2019
ID00385	0	11/10/2019
ID00387	1	07/10/2019
ID00389	0	01/10/2019
ID00390	1	03/10/2019
ID00391	0	06/10/2019
ID00392	0	09/10/2019
ID00393	1	02/10/2019
ID00394	0	10/10/2019
ID00396	0	06/10/2019
ID00400	0	12/10/2019
ID00401	0	13/10/2019
ID00402	0	14/10/2019
ID00403	0	08/10/2019
ID00404	0	10/10/2019
ID00405	0	06/10/2019
ID00408	0	03/10/2019
ID00409	0	12/10/2019
ID00411	0	06/10/2019
ID00413	1	14/10/2019
ID00416	0	11/10/2019
ID00417	1	07/10/2019
ID00418	0	08/10/2019
ID00420	0	04/10/2019
ID00422	0	11/10/2019
ID00423	0	14/10/2019
ID00425	0	11/10/2019
ID00426	0	01/10/2019
ID00427	0	11/10/2019
ID00429	0	08/10/2019
ID00431	0	14/10/2019
ID00432	0	07/10/2019
ID00434	0	09/10/2019
ID00435	0	03/10/2019
ID00437	0	13/10/2019
ID00438	1	10/10/2019
ID00439	0	02/10/2019
ID00441	0	08/10/2019
ID00442	0	07/10/2019
ID00443	0	13/10/2019
ID00449	0	04/10/2019
ID00450	0	11/10/2019
ID00451	0	09/10/2019
ID00452	0	08/10/2019
ID00453	0	05/10/2019
ID00454	0	01/10/2019
ID00455	0	07/10/2019
ID00458	0	02/10/2019
ID00460	0	08/10/2019
ID00461	0	01/10/2019
ID00464	0	06/10/2019
ID00466	0	06/10/2019
ID00467	0	07/10/2019
ID00468	0	09/10/2019
ID00469	0	13/10/2019
ID00470	0	08/10/2019
ID00471	0	09/10/2019
ID00473	0	08/10/2019
ID00474	0	10/10/2019
ID00476	0	07/10/2019
ID00477	0	09/10/2019
ID00479	0	04/10/2019
ID00480	0	10/10/2019
ID00481	0	10/10/2019
ID00482	0	01/10/2019
ID00483	0	12/10/2019
ID00484	0	06/10/2019
ID00488	1	08/10/2019
ID00490	0	06/10/2019
ID00491	0	12/10/2019
ID00492	0	02/10/2019
ID00494	0	07/10/2019
ID00495	0	03/10/2019
ID00496	0	01/10/2019
ID00498	0	12/10/2019
ID00499	0	06/10/2019
ID00504	0	14/10/2019
ID00505	0	13/10/2019
ID00506	1	15/10/2019
ID00508	0	07/10/2019
ID00514	0	13/10/2019
ID00516	0	14/10/2019
ID00520	0	04/10/2019
ID00523	0	09/10/2019
ID00524	0	05/10/2019
ID00527	0	10/10/2019
ID00528	0	01/10/2019
ID00529	0	11/10/2019
ID00531	0	06/10/2019
ID00532	0	13/10/2019
ID00536	0	10/10/2019
ID00537	0	02/10/2019
ID00538	0	13/10/2019
ID00540	0	10/10/2019
ID00541	0	02/10/2019
ID00542	1	02/10/2019
ID00543	0	10/10/2019
ID00544	0	10/10/2019
ID00545	0	08/10/2019
ID00547	0	06/10/2019
ID00551	0	05/10/2019
ID00553	0	14/10/2019
ID00554	0	07/10/2019
ID00555	0	06/10/2019
ID00556	0	08/10/2019
ID00558	0	02/10/2019
ID00560	0	09/10/2019
ID00562	0	11/10/2019
ID00566	0	07/10/2019
ID00567	0	02/10/2019
ID00568	1	05/10/2019
ID00569	0	11/10/2019
ID00574	1	07/10/2019
ID00575	1	04/10/2019
ID00576	0	10/10/2019
ID00577	0	14/10/2019
ID00579	0	07/10/2019
ID00580	0	06/10/2019
ID00581	0	13/10/2019
ID00583	0	08/10/2019
ID00585	0	05/10/2019
ID00587	0	04/10/2019
ID00588	0	14/10/2019
ID00589	0	09/10/2019
ID00594	0	01/10/2019
ID00595	0	07/10/2019
ID00596	1	07/10/2019
ID00597	0	10/10/2019
ID00598	0	07/10/2019
ID00599	0	13/10/2019
ID00602	1	12/10/2019
ID00603	0	05/10/2019
ID00604	0	14/10/2019
ID00605	0	14/10/2019
ID00607	0	12/10/2019
ID00608	0	01/10/2019
ID00609	0	04/10/2019
ID00610	0	03/10/2019
ID00612	0	08/10/2019
ID00614	0	12/10/2019
ID00615	0	04/10/2019
ID00616	0	10/10/2019
ID00617	0	01/10/2019
ID00618	0	06/10/2019
ID00621	0	09/10/2019
ID00622	0	08/10/2019
ID00627	0	03/10/2019
ID00628	1	03/10/2019
ID00629	0	02/10/2019
ID00631	0	10/10/2019
ID00633	0	14/10/2019
ID00634	0	07/10/2019
ID00635	0	11/10/2019
ID00638	0	07/10/2019
ID00641	0	07/10/2019
ID00643	0	02/10/2019
ID00645	0	08/10/2019
ID00646	0	01/10/2019
ID00648	0	07/10/2019
ID00651	1	11/10/2019
ID00652	0	02/10/2019
ID00654	0	01/10/2019
ID00656	0	03/10/2019
ID00657	0	11/10/2019
ID00658	0	04/10/2019
ID00659	0	09/10/2019
ID00661	0	12/10/2019
ID00662	0	09/10/2019
ID00663	0	10/10/2019
ID00666	0	01/10/2019
ID00667	0	07/10/2019
ID00668	0	07/10/2019
ID00669	0	10/10/2019
ID00671	0	10/10/2019
ID00674	0	04/10/2019
ID00679	0	10/10/2019
ID00680	0	10/10/2019
ID00682	0	12/10/2019
ID00683	0	02/10/2019
ID00684	0	11/10/2019
ID00685	0	01/10/2019
ID00689	0	12/10/2019
ID00690	0	10/10/2019
ID00691	0	06/10/2019
ID00693	0	05/10/2019
ID00695	0	06/10/2019
ID00696	0	01/10/2019
ID00697	0	07/10/2019
ID00699	0	11/10/2019
ID00701	0	11/10/2019
ID00702	0	07/10/2019
ID00703	0	11/10/2019
ID00707	0	03/10/2019
ID00708	0	12/10/2019
ID00709	0	08/10/2019
ID00711	0	02/10/2019
ID00712	0	10/10/2019
ID00715	0	03/10/2019
ID00716	0	07/10/2019
ID00718	0	11/10/2019
ID00719	0	07/10/2019
ID00723	0	01/10/2019
ID00724	0	02/10/2019
ID00727	0	09/10/2019
ID00728	0	12/10/2019
ID00729	0	09/10/2019
ID00730	0	14/10/2019
ID00731	1	01/10/2019
ID00732	0	07/10/2019
ID00733	0	04/10/2019
ID00734	0	03/10/2019
ID00738	0	05/10/2019
ID00741	0	10/10/2019
ID00742	0	14/10/2019
ID00743	0	01/10/2019
ID00745	0	10/10/2019
ID00747	0	03/10/2019
ID00752	0	09/10/2019
ID00754	0	07/10/2019
ID00756	0	09/10/2019
ID00758	1	12/10/2019
ID00759	0	04/10/2019
ID00760	0	04/10/2019
ID00761	0	09/10/2019
ID00762	0	12/10/2019
ID00763	0	07/10/2019
ID00764	0	08/10/2019
ID00767	0	09/10/2019
ID00771	0	11/10/2019
ID00775	0	07/10/2019
ID00780	0	01/10/2019
ID00781	0	02/10/2019
ID00782	0	12/10/2019
ID00783	0	03/10/2019
ID00784	0	09/10/2019
ID00786	0	10/10/2019
ID00787	0	01/10/2019
ID00789	0	01/10/2019
ID00790	0	09/10/2019
ID00793	0	02/10/2019
ID00794	0	03/10/2019
ID00797	1	09/10/2019
ID00798	0	13/10/2019
ID00800	1	09/10/2019
ID00801	0	08/10/2019
ID00802	0	11/10/2019
ID00804	0	08/10/2019
ID00805	0	07/10/2019
ID00806	0	13/10/2019
ID00807	0	11/10/2019
ID00808	0	03/10/2019
ID00809	0	13/10/2019
ID00811	1	10/10/2019
ID00813	0	02/10/2019
ID00814	0	11/10/2019
ID00815	1	03/10/2019
ID00819	0	10/10/2019
ID00821	0	14/10/2019
ID00823	0	07/10/2019
ID00825	0	07/10/2019
ID00829	0	01/10/2019
ID00830	0	06/10/2019
ID00831	0	03/10/2019
ID00832	0	09/10/2019
ID00833	0	13/10/2019
ID00835	0	11/10/2019
ID00836	1	05/10/2019
ID00837	0	12/10/2019
ID00838	0	07/10/2019
ID00841	0	14/10/2019
ID00842	0	10/10/2019
ID00843	0	02/10/2019
ID00848	0	09/10/2019
ID00849	0	14/10/2019
ID00851	0	14/10/2019
ID00853	0	03/10/2019
ID00854	0	05/10/2019
ID00855	0	06/10/2019
ID00857	1	14/10/2019
ID00859	0	07/10/2019
ID00860	0	07/10/2019
ID00861	0	09/10/2019
ID00862	0	07/10/2019
ID00867	0	02/10/2019
ID00868	0	11/10/2019
ID00869	0	14/10/2019
ID00872	0	10/10/2019
ID00874	0	10/10/2019
ID00879	0	01/10/2019
ID00880	0	13/10/2019
ID00881	0	02/10/2019
ID00882	0	14/10/2019
ID00883	1	10/10/2019
ID00885	0	03/10/2019
ID00887	0	01/10/2019
ID00888	0	01/10/2019
ID00890	0	12/10/2019
ID00895	0	12/10/2019
ID00896	0	06/10/2019
ID00898	0	02/10/2019
ID00899	0	13/10/2019
ID00900	1	12/10/2019
ID00901	0	08/10/2019
ID00902	0	07/10/2019
ID00903	0	05/10/2019
ID00906	0	03/10/2019
ID00908	0	14/10/2019
ID00909	1	14/10/2019
ID00910	0	07/10/2019
ID00911	1	04/10/2019
ID00912	0	14/10/2019
ID00914	0	13/10/2019
ID00915	0	08/10/2019
ID00916	0	10/10/2019
ID00917	0	11/10/2019
ID00918	0	13/10/2019
ID00919	0	02/10/2019
ID00920	0	04/10/2019
ID00922	0	14/10/2019
ID00924	0	07/10/2019
ID00926	0	11/10/2019
ID00928	0	11/10/2019
ID00929	1	01/10/2019
ID00930	0	03/10/2019
ID00932	0	12/10/2019
ID00935	0	10/10/2019
ID00936	0	12/10/2019
ID00938	0	02/10/2019
ID00939	0	11/10/2019
ID00941	0	13/10/2019
ID00943	0	10/10/2019
ID00944	0	11/10/2019
ID00945	0	14/10/2019
ID00946	1	07/10/2019
ID00947	0	10/10/2019
ID00948	0	06/10/2019
ID00949	0	04/10/2019
ID00951	0	01/10/2019
ID00955	0	08/10/2019
ID00957	0	06/10/2019
ID00958	0	09/10/2019
ID00959	0	02/10/2019
ID00960	0	10/10/2019
ID00961	1	02/10/2019
ID00962	0	08/10/2019
ID00963	0	09/10/2019
ID00964	0	10/10/2019
ID00965	1	15/10/2019
ID00966	0	12/10/2019
ID00968	0	02/10/2019
ID00969	1	01/10/2019
ID00971	0	13/10/2019
ID00972	0	05/10/2019
ID00974	0	05/10/2019
ID00977	0	14/10/2019
ID00978	0	06/10/2019
ID00979	0	06/10/2019
ID00980	0	13/10/2019
ID00983	0	10/10/2019
ID00984	0	14/10/2019
ID00985	0	01/10/2019
ID00986	0	04/10/2019
ID00987	0	01/10/2019
ID00988	0	03/10/2019
ID00989	1	02/10/2019
ID00991	0	14/10/2019
ID00992	0	10/10/2019
ID00993	0	04/10/2019
ID00994	0	05/10/2019
ID00996	0	12/10/2019
ID00998	0	13/10/2019
ID01001	0	10/10/2019
ID01004	0	10/10/2019
ID01005	1	12/10/2019
ID01006	0	14/10/2019
ID01007	1	08/10/2019
ID01008	1	07/10/2019
ID01009	0	07/10/2019
ID01013	0	12/10/2019
ID01021	0	03/10/2019
ID01023	0	05/10/2019
ID01024	0	06/10/2019
ID01026	1	14/10/2019
ID01028	0	03/10/2019
ID01030	0	14/10/2019
ID01031	0	06/10/2019
ID01033	0	01/10/2019
ID01034	0	12/10/2019
ID01035	0	05/10/2019
ID01036	0	08/10/2019
ID01038	0	02/10/2019
ID01040	0	12/10/2019
ID01042	0	06/10/2019
ID01043	0	01/10/2019
ID01044	0	13/10/2019
ID01048	0	01/10/2019
ID01056	1	05/10/2019
ID01057	0	03/10/2019
ID01061	0	02/10/2019
ID01062	0	02/10/2019
ID01063	0	07/10/2019
ID01064	0	08/10/2019
ID01066	0	07/10/2019
ID01067	0	14/10/2019
ID01068	0	09/10/2019
ID01069	0	08/10/2019
ID01071	0	10/10/2019
ID01074	0	04/10/2019
ID01076	0	06/10/2019
ID01077	0	03/10/2019
ID01078	0	07/10/2019
ID01079	0	04/10/2019
ID01080	0	06/10/2019
ID01081	1	05/10/2019
ID01082	0	09/10/2019
ID01083	0	09/10/2019
ID01086	0	05/10/2019
ID01087	0	07/10/2019
ID01088	0	09/10/2019
ID01089	0	07/10/2019
ID01090	0	04/10/2019
ID01091	1	15/10/2019
ID01094	0	07/10/2019
ID01096	0	08/10/2019
ID01098	0	10/10/2019
ID01103	0	06/10/2019
ID01104	0	10/10/2019
ID01107	1	15/10/2019
ID01110	0	02/10/2019
ID01113	0	09/10/2019
ID01114	0	14/10/2019
ID01116	0	14/10/2019
ID01118	0	12/10/2019
ID01119	0	06/10/2019
ID01120	0	01/10/2019
ID01121	0	14/10/2019
ID01122	1	11/10/2019
ID01123	0	04/10/2019
ID01126	0	01/10/2019
ID01127	0	11/10/2019
ID01129	0	09/10/2019
ID01132	0	07/10/2019
ID01133	0	03/10/2019
ID01134	0	03/10/2019
ID01135	0	13/10/2019
ID01136	0	10/10/2019
ID01139	0	02/10/2019
ID01141	0	01/10/2019
ID01142	0	04/10/2019
ID01143	0	06/10/2019
ID01144	0	03/10/2019
ID01146	0	02/10/2019
ID01148	0	14/10/2019
ID01149	1	08/10/2019
ID01151	0	11/10/2019
ID01154	1	05/10/2019
ID01155	0	08/10/2019
ID01157	0	06/10/2019
ID01158	0	04/10/2019
ID01160	0	05/10/2019
ID01162	1	02/10/2019
ID01169	1	01/10/2019
ID01170	0	07/10/2019
ID01172	0	04/10/2019
ID01173	0	04/10/2019
ID01176	0	09/10/2019
ID01179	0	05/10/2019
ID01180	0	11/10/2019
ID01181	0	03/10/2019
ID01182	0	10/10/2019
ID01183	0	05/10/2019
ID01186	0	02/10/2019
ID01188	0	09/10/2019
ID01189	1	07/10/2019
ID01191	0	14/10/2019
ID01192	0	04/10/2019
ID01193	0	01/10/2019
ID01194	0	01/10/2019
ID01195	0	06/10/2019
ID01196	0	10/10/2019
ID01197	0	14/10/2019
ID01198	0	10/10/2019
ID01199	0	08/10/2019
ID01200	0	14/10/2019
ID01201	0	04/10/2019
ID01203	0	08/10/2019
ID01204	0	05/10/2019
ID01208	0	07/10/2019
ID01209	0	01/10/2019
ID01210	0	13/10/2019
ID01212	0	06/10/2019
ID01213	0	03/10/2019
ID01216	0	12/10/2019
ID01217	0	11/10/2019
ID01219	1	14/10/2019
ID01223	0	05/10/2019
ID01225	0	07/10/2019
ID01226	0	05/10/2019
ID01227	0	08/10/2019
ID01228	0	05/10/2019
ID01230	1	05/10/2019
ID01231	0	04/10/2019
ID01232	0	09/10/2019
ID01233	0	11/10/2019
ID01234	0	04/10/2019
ID01236	0	14/10/2019
ID01237	0	04/10/2019
ID01239	0	03/10/2019
ID01241	0	12/10/2019
ID01242	0	10/10/2019
ID01244	0	01/10/2019
ID01247	0	10/10/2019
ID01249	0	12/10/2019
ID01250	0	08/10/2019
ID01251	0	13/10/2019
ID01254	1	05/10/2019
ID01255	0	07/10/2019
ID01257	0	03/10/2019
ID01258	0	01/10/2019
ID01259	0	14/10/2019
ID01260	1	12/10/2019
ID01262	0	03/10/2019
ID01263	0	11/10/2019
ID01264	0	11/10/2019
ID01266	0	03/10/2019
ID01267	0	09/10/2019
ID01268	0	02/10/2019
ID01269	0	08/10/2019
ID01270	0	09/10/2019
ID01272	0	02/10/2019
ID01276	0	09/10/2019
ID01277	0	10/10/2019
ID01278	0	11/10/2019
ID01279	0	04/10/2019
ID01282	1	14/10/2019
ID01283	0	02/10/2019
ID01284	0	02/10/2019
ID01285	0	08/10/2019
ID01288	0	07/10/2019
ID01289	0	04/10/2019
ID01290	0	09/10/2019
ID01291	0	05/10/2019
ID01292	0	02/10/2019
ID01293	0	10/10/2019
ID01296	1	08/10/2019
ID01298	0	10/10/2019
ID01299	0	14/10/2019
ID01300	0	10/10/2019
ID01301	0	07/10/2019
ID01302	0	06/10/2019
ID01303	1	02/10/2019
ID01305	0	08/10/2019
ID01306	0	05/10/2019
ID01308	0	14/10/2019
ID01310	0	12/10/2019
ID01311	0	02/10/2019
ID01315	0	02/10/2019
ID01316	0	13/10/2019
ID01319	0	07/10/2019
ID01320	0	10/10/2019
ID01321	0	08/10/2019
ID01322	0	07/10/2019
ID01323	0	10/10/2019
ID01326	0	01/10/2019
ID01327	0	10/10/2019
ID01328	0	08/10/2019
ID01329	1	14/10/2019
ID01330	0	02/10/2019
ID01332	1	08/10/2019
ID01333	0	14/10/2019
ID01334	0	12/10/2019
ID01335	0	13/10/2019
ID01338	0	11/10/2019
ID01339	0	01/10/2019
ID01340	0	11/10/2019
ID01341	0	14/10/2019
ID01342	0	04/10/2019
ID01343	0	11/10/2019
ID01344	0	11/10/2019
ID01345	0	09/10/2019
ID01346	0	04/10/2019
ID01348	0	09/10/2019
ID01349	0	09/10/2019
ID01350	0	11/10/2019
ID01353	0	07/10/2019
ID01357	0	01/10/2019
ID01358	0	04/10/2019
ID01365	0	12/10/2019
ID01368	1	05/10/2019
ID01369	0	01/10/2019
ID01370	1	11/10/2019
ID01372	0	03/10/2019
ID01374	0	14/10/2019
ID01375	0	04/10/2019
ID01376	0	01/10/2019
ID01377	0	02/10/2019
ID01379	0	07/10/2019
ID01380	0	01/10/2019
ID01382	0	04/10/2019
ID01383	0	06/10/2019
ID01384	0	03/10/2019
ID01385	0	12/10/2019
ID01386	0	11/10/2019
ID01389	0	10/10/2019
ID01390	0	14/10/2019
ID01391	0	04/10/2019
ID01394	0	10/10/2019
ID01395	0	02/10/2019
ID01396	0	01/10/2019
ID01397	0	02/10/2019
ID01400	0	11/10/2019
ID01402	0	10/10/2019
ID01405	0	09/10/2019
ID01406	0	14/10/2019
ID01407	0	02/10/2019
ID01408	0	06/10/2019
ID01410	0	06/10/2019
ID01411	0	05/10/2019
ID01413	0	08/10/2019
ID01418	0	10/10/2019
ID01419	0	02/10/2019
ID01420	0	02/10/2019
ID01421	0	07/10/2019
ID01422	0	01/10/2019
ID01423	0	10/10/2019
ID01424	0	09/10/2019
ID01425	0	04/10/2019
ID01426	0	13/10/2019
ID01427	0	11/10/2019
ID01429	0	14/10/2019
ID01430	0	10/10/2019
ID01431	0	14/10/2019
ID01433	0	02/10/2019
ID01434	0	05/10/2019
ID01437	0	03/10/2019
ID01438	0	05/10/2019
ID01441	0	11/10/2019
ID01443	0	07/10/2019
ID01444	0	06/10/2019
ID01445	0	09/10/2019
ID01446	0	11/10/2019
ID01448	0	12/10/2019
ID01449	0	10/10/2019
ID01452	0	01/10/2019
ID01455	0	09/10/2019
ID01456	0	08/10/2019
ID01457	1	03/10/2019
ID01459	0	14/10/2019
ID01461	0	07/10/2019
ID01462	0	03/10/2019
ID01464	1	03/10/2019
ID01465	0	14/10/2019
ID01467	0	04/10/2019
ID01469	0	10/10/2019
ID01470	0	06/10/2019
ID01473	0	01/10/2019
ID01474	0	02/10/2019
ID01475	0	11/10/2019
ID01476	0	06/10/2019
ID01478	0	04/10/2019
ID01482	1	07/10/2019
ID01483	0	02/10/2019
ID01484	0	14/10/2019
ID01486	0	14/10/2019
ID01487	0	10/10/2019
ID01488	0	08/10/2019
ID01489	0	12/10/2019
ID01490	0	09/10/2019
ID01492	0	07/10/2019
ID01493	0	11/10/2019
ID01497	0	11/10/2019
ID01498	0	07/10/2019
ID01500	0	04/10/2019
ID01503	0	11/10/2019
ID01504	0	10/10/2019
ID01505	1	10/10/2019
ID01506	0	14/10/2019
ID01507	0	09/10/2019
ID01509	0	10/10/2019
ID01510	0	05/10/2019
ID01512	0	01/10/2019
ID01514	0	07/10/2019
ID01516	0	07/10/2019
ID01517	1	05/10/2019
ID01521	0	03/10/2019
ID01524	0	06/10/2019
ID01525	0	07/10/2019
ID01526	0	03/10/2019
ID01528	0	02/10/2019
ID01530	0	06/10/2019
ID01531	0	12/10/2019
ID01534	0	11/10/2019
ID01535	0	08/10/2019
ID01537	1	15/10/2019
ID01538	0	12/10/2019
ID01541	0	08/10/2019
ID01542	0	12/10/2019
ID01543	1	05/10/2019
ID01544	0	10/10/2019
ID01545	0	05/10/2019
ID01546	0	06/10/2019
ID01547	0	02/10/2019
ID01548	1	02/10/2019
ID01549	0	07/10/2019
ID01550	0	01/10/2019
ID01551	0	13/10/2019
ID01553	0	06/10/2019
ID01555	0	14/10/2019
ID01556	0	14/10/2019
ID01558	0	02/10/2019
ID01559	0	11/10/2019
ID01560	1	07/10/2019
ID01562	1	11/10/2019
ID01563	0	13/10/2019
ID01564	0	11/10/2019
ID01565	0	09/10/2019
ID01566	0	06/10/2019
ID01567	0	03/10/2019
ID01568	0	12/10/2019
ID01569	1	04/10/2019
ID01570	0	04/10/2019
ID01571	0	02/10/2019
ID01572	0	05/10/2019
ID01573	0	06/10/2019
ID01576	0	09/10/2019
ID01578	0	06/10/2019
ID01581	0	14/10/2019
ID01582	0	07/10/2019
ID01583	0	10/10/2019
ID01584	0	10/10/2019
ID01585	0	14/10/2019
ID01586	0	14/10/2019
ID01587	0	11/10/2019
ID01590	0	08/10/2019
ID01592	0	11/10/2019
ID01593	1	10/10/2019
ID01594	0	01/10/2019
ID01595	0	13/10/2019
ID01597	0	03/10/2019
ID01599	0	06/10/2019
ID01600	0	02/10/2019
ID01604	0	04/10/2019
ID01606	0	10/10/2019
ID01607	1	03/10/2019
ID01609	0	01/10/2019
ID01610	0	02/10/2019
ID01611	0	10/10/2019
ID01612	0	12/10/2019
ID01613	0	14/10/2019
ID01614	0	04/10/2019
ID01616	1	02/10/2019
ID01620	1	01/10/2019
ID01622	0	11/10/2019
ID01623	0	03/10/2019
ID01625	0	10/10/2019
ID01627	0	12/10/2019
ID01628	0	12/10/2019
ID01631	1	07/10/2019
ID01632	0	02/10/2019
ID01634	0	03/10/2019
ID01635	0	06/10/2019
ID01636	0	04/10/2019
ID01637	0	01/10/2019
ID01639	0	10/10/2019
ID01640	0	10/10/2019
ID01642	0	08/10/2019
ID01644	0	01/10/2019
ID01648	0	09/10/2019
ID01651	0	04/10/2019
ID01653	0	11/10/2019
ID01655	0	05/10/2019
ID01656	1	02/10/2019
ID01657	0	08/10/2019
ID01659	0	11/10/2019
ID01660	0	10/10/2019
ID01664	0	13/10/2019
ID01665	0	02/10/2019
ID01666	0	05/10/2019
ID01668	0	11/10/2019
ID01669	0	04/10/2019
ID01670	1	10/10/2019
ID01671	0	07/10/2019
ID01674	0	03/10/2019
ID01676	0	06/10/2019
ID01677	0	09/10/2019
ID01679	0	12/10/2019
ID01683	0	02/10/2019
ID01686	0	07/10/2019
ID01688	1	09/10/2019
ID01690	0	04/10/2019
ID01692	0	09/10/2019
ID01694	0	04/10/2019
ID01695	0	12/10/2019
ID01701	0	04/10/2019
ID01702	0	07/10/2019
ID01703	0	11/10/2019
ID01704	0	06/10/2019
ID01705	0	01/10/2019
ID01707	0	04/10/2019
ID01708	0	10/10/2019
ID01710	0	09/10/2019
ID01711	0	10/10/2019
ID01712	0	10/10/2019
ID01713	0	05/10/2019
ID01715	0	11/10/2019
ID01716	0	11/10/2019
ID01717	0	10/10/2019
ID01718	0	03/10/2019
ID01719	0	05/10/2019
ID01720	0	07/10/2019
ID01722	0	07/10/2019
ID01723	0	14/10/2019
ID01726	0	01/10/2019
ID01727	0	06/10/2019
ID01729	0	11/10/2019
ID01731	0	07/10/2019
ID01732	1	10/10/2019
ID01733	0	13/10/2019
ID01734	0	13/10/2019
ID01735	0	04/10/2019
ID01736	0	01/10/2019
ID01738	0	08/10/2019
ID01742	0	09/10/2019
ID01743	0	14/10/2019
ID01744	0	11/10/2019
ID01745	0	14/10/2019
ID01746	0	01/10/2019
ID01747	0	10/10/2019
ID01748	0	08/10/2019
ID01749	0	01/10/2019
ID01750	0	11/10/2019
ID01752	0	14/10/2019
ID01755	0	09/10/2019
ID01760	1	01/10/2019
ID01761	0	01/10/2019
ID01764	0	05/10/2019
ID01765	0	04/10/2019
ID01767	0	08/10/2019
ID01769	1	10/10/2019
ID01770	0	01/10/2019
ID01771	1	04/10/2019
ID01772	0	10/10/2019
ID01773	0	08/10/2019
ID01774	0	12/10/2019
ID01775	0	12/10/2019
ID01777	0	08/10/2019
ID01780	0	13/10/2019
ID01782	1	11/10/2019
ID01783	0	08/10/2019
ID01784	0	04/10/2019
ID01785	0	11/10/2019
ID01786	0	11/10/2019
ID01787	0	13/10/2019
ID01790	0	04/10/2019
ID01791	0	06/10/2019
ID01797	0	09/10/2019
ID01798	0	10/10/2019
ID01800	0	01/10/2019
ID01801	0	12/10/2019
ID01802	0	07/10/2019
ID01803	0	13/10/2019
ID01804	0	08/10/2019
ID01805	0	08/10/2019
ID01806	1	02/10/2019
ID01807	0	03/10/2019
ID01808	1	01/10/2019
ID01809	0	07/10/2019
ID01813	0	03/10/2019
ID01814	0	04/10/2019
ID01817	0	06/10/2019
ID01818	0	14/10/2019
ID01819	0	04/10/2019
ID01820	0	09/10/2019
ID01821	0	03/10/2019
ID01822	1	07/10/2019
ID01825	0	01/10/2019
ID01826	0	08/10/2019
ID01829	0	02/10/2019
ID01831	0	09/10/2019
ID01836	0	10/10/2019
ID01837	0	09/10/2019
ID01838	0	14/10/2019
ID01839	0	12/10/2019
ID01840	0	07/10/2019
ID01841	0	07/10/2019
ID01843	0	10/10/2019
ID01845	0	02/10/2019
ID01846	0	06/10/2019
ID01848	0	03/10/2019
ID01849	0	07/10/2019
ID01852	0	02/10/2019
ID01853	0	01/10/2019
ID01854	0	10/10/2019
ID01857	0	01/10/2019
ID01860	0	01/10/2019
ID01862	0	11/10/2019
ID01864	0	12/10/2019
ID01866	0	11/10/2019
ID01867	0	13/10/2019
ID01868	0	07/10/2019
ID01869	0	07/10/2019
ID01872	0	13/10/2019
ID01874	0	10/10/2019
ID01875	0	01/10/2019
ID01876	0	12/10/2019
ID01877	0	04/10/2019
ID01878	0	07/10/2019
ID01879	0	04/10/2019
ID01880	0	12/10/2019
ID01882	0	11/10/2019
ID01883	0	14/10/2019
ID01885	1	05/10/2019
ID01886	0	14/10/2019
ID01887	0	02/10/2019
ID01889	0	05/10/2019
ID01891	0	06/10/2019
ID01893	0	05/10/2019
ID01894	0	11/10/2019
ID01896	0	09/10/2019
ID01897	0	13/10/2019
ID01901	0	01/10/2019
ID01902	0	01/10/2019
ID01904	0	11/10/2019
ID01907	0	08/10/2019
ID01910	0	07/10/2019
ID01913	0	10/10/2019
ID01914	0	09/10/2019
ID01915	0	07/10/2019
ID01916	0	13/10/2019
ID01917	0	08/10/2019
ID01918	0	06/10/2019
ID01919	0	08/10/2019
ID01920	0	06/10/2019
ID01921	0	05/10/2019
ID01922	0	01/10/2019
ID01928	0	12/10/2019
ID01929	0	02/10/2019
ID01932	0	05/10/2019
ID01933	1	03/10/2019
ID01934	0	14/10/2019
ID01936	1	07/10/2019
ID01939	0	12/10/2019
ID01942	0	03/10/2019
ID01943	0	06/10/2019
ID01945	0	03/10/2019
ID01946	0	02/10/2019
ID01947	0	01/10/2019
ID01949	0	02/10/2019
ID01952	1	12/10/2019
ID01953	0	06/10/2019
ID01955	0	06/10/2019
ID01956	0	10/10/2019
ID01957	1	03/10/2019
ID01958	0	03/10/2019
ID01960	0	02/10/2019
ID01962	0	04/10/2019
ID01963	0	13/10/2019
ID01964	0	06/10/2019
ID01965	0	07/10/2019
ID01966	0	12/10/2019
ID01969	0	14/10/2019
ID01970	0	14/10/2019
ID01971	0	03/10/2019
ID01973	0	11/10/2019
ID01974	0	08/10/2019
ID01976	0	14/10/2019
ID01978	0	01/10/2019
ID01980	0	12/10/2019
ID01982	0	02/10/2019
ID01983	0	04/10/2019
ID01984	0	10/10/2019
ID01986	0	06/10/2019
ID01987	0	09/10/2019
ID01988	0	02/10/2019
ID01991	0	04/10/2019
ID01992	0	02/10/2019
ID01993	0	07/10/2019
ID01994	0	13/10/2019
ID01996	0	10/10/2019
ID01998	0	05/10/2019
ID01999	1	07/10/2019
ID02000	0	13/10/2019
ID02001	0	09/10/2019
ID02002	0	02/10/2019
ID02003	0	14/10/2019
ID02006	0	11/10/2019
ID02011	1	10/10/2019
ID02012	0	05/10/2019
ID02013	0	02/10/2019
ID02015	1	09/10/2019
ID02020	0	01/10/2019
ID02022	0	03/10/2019
ID02023	0	05/10/2019
ID02024	0	13/10/2019
ID02028	0	12/10/2019
ID02029	0	01/10/2019
ID02031	0	02/10/2019
ID02032	0	13/10/2019
ID02033	1	07/10/2019
ID02034	0	04/10/2019
ID02036	1	04/10/2019
ID02037	0	10/10/2019
ID02039	0	10/10/2019
ID02040	0	04/10/2019
ID02042	0	05/10/2019
ID02043	1	09/10/2019
ID02049	0	06/10/2019
ID02051	0	02/10/2019
ID02054	0	11/10/2019
ID02055	0	02/10/2019
ID02057	0	11/10/2019
ID02059	0	14/10/2019
ID02060	0	13/10/2019
ID02062	0	10/10/2019
ID02063	0	01/10/2019
ID02065	0	11/10/2019
ID02067	0	04/10/2019
ID02068	0	02/10/2019
ID02069	0	10/10/2019
ID02070	0	02/10/2019
ID02071	0	09/10/2019
ID02072	0	11/10/2019
ID02075	1	07/10/2019
ID02076	0	07/10/2019
ID02077	0	13/10/2019
ID02079	0	13/10/2019
ID02081	0	10/10/2019
ID02082	0	08/10/2019
ID02085	0	04/10/2019
ID02087	0	02/10/2019
ID02088	0	04/10/2019
ID02089	0	06/10/2019
ID02094	0	06/10/2019
ID02096	0	08/10/2019
ID02098	0	02/10/2019
ID02100	0	09/10/2019
ID02101	0	04/10/2019
ID02102	0	08/10/2019
ID02103	0	13/10/2019
ID02104	0	09/10/2019
ID02105	0	11/10/2019
ID02106	1	14/10/2019
ID02107	0	14/10/2019
ID02112	0	01/10/2019
ID02115	0	12/10/2019
ID02116	0	08/10/2019
ID02117	0	11/10/2019
ID02118	0	01/10/2019
ID02119	0	02/10/2019
ID02120	0	07/10/2019
ID02121	0	10/10/2019
ID02124	0	12/10/2019
ID02125	0	11/10/2019
ID02127	0	06/10/2019
ID02129	0	02/10/2019
ID02131	0	03/10/2019
ID02133	0	02/10/2019
ID02134	0	14/10/2019
ID02136	0	08/10/2019
ID02137	0	07/10/2019
ID02140	0	05/10/2019
ID02142	0	13/10/2019
ID02143	0	13/10/2019
ID02144	0	02/10/2019
ID02147	0	10/10/2019
ID02148	0	05/10/2019
ID02149	0	07/10/2019
ID02150	0	14/10/2019
ID02152	0	14/10/2019
ID02153	0	07/10/2019
ID02154	0	13/10/2019
ID02156	0	02/10/2019
ID02158	1	10/10/2019
ID02160	0	12/10/2019
ID02161	0	08/10/2019
ID02162	0	03/10/2019
ID02163	0	03/10/2019
ID02164	0	07/10/2019
ID02167	1	10/10/2019
ID02168	0	11/10/2019
ID02169	0	05/10/2019
ID02172	1	10/10/2019
ID02173	0	11/10/2019
ID02175	0	06/10/2019
ID02177	0	02/10/2019
ID02178	0	04/10/2019
ID02180	0	02/10/2019
ID02182	0	03/10/2019
ID02183	0	13/10/2019
ID02184	1	02/10/2019
ID02186	0	02/10/2019
ID02190	0	09/10/2019
ID02191	0	02/10/2019
ID02194	0	08/10/2019
ID02196	0	10/10/2019
ID02199	0	02/10/2019
ID02201	0	09/10/2019
ID02202	0	04/10/2019
ID02205	0	09/10/2019
ID02206	0	10/10/2019
ID02207	0	06/10/2019
ID02208	0	04/10/2019
ID02210	0	06/10/2019
ID02213	0	04/10/2019
ID02214	0	12/10/2019
ID02215	0	09/10/2019
ID02217	0	03/10/2019
ID02218	1	04/10/2019
ID02221	0	13/10/2019
ID02222	0	09/10/2019
ID02226	0	03/10/2019
ID02229	0	09/10/2019
ID02230	0	10/10/2019
ID02232	1	04/10/2019
ID02235	0	11/10/2019
ID02237	0	01/10/2019
ID02238	0	09/10/2019
ID02239	0	06/10/2019
ID02240	0	03/10/2019
ID02241	0	10/10/2019
ID02242	0	08/10/2019
ID02243	0	12/10/2019
ID02245	0	08/10/2019
ID02246	0	03/10/2019
ID02247	0	01/10/2019
ID02248	0	10/10/2019
ID02249	0	02/10/2019
ID02250	1	14/10/2019
ID02253	0	13/10/2019
ID02255	0	01/10/2019
ID02257	0	10/10/2019
ID02260	0	01/10/2019
ID02262	0	06/10/2019
ID02263	0	08/10/2019
ID02264	0	10/10/2019
ID02268	0	10/10/2019
ID02269	0	14/10/2019
ID02274	0	05/10/2019
ID02277	0	05/10/2019
ID02278	0	14/10/2019
ID02281	0	12/10/2019
ID02282	1	03/10/2019
ID02283	0	08/10/2019
ID02284	0	12/10/2019
ID02286	0	02/10/2019
ID02287	0	06/10/2019
ID02289	0	09/10/2019
ID02290	0	11/10/2019
ID02291	0	11/10/2019
ID02292	1	10/10/2019
ID02293	1	10/10/2019
ID02294	0	07/10/2019
ID02296	0	13/10/2019
ID02298	1	08/10/2019
ID02299	0	01/10/2019
ID02301	0	13/10/2019
ID02302	0	07/10/2019
ID02308	0	01/10/2019
ID02309	0	14/10/2019
ID02310	0	02/10/2019
ID02312	1	10/10/2019
ID02313	1	05/10/2019
ID02314	0	14/10/2019
ID02316	0	02/10/2019
ID02317	0	09/10/2019
ID02318	0	11/10/2019
ID02321	1	11/10/2019
ID02322	0	09/10/2019
ID02324	0	02/10/2019
ID02326	0	06/10/2019
ID02328	0	05/10/2019
ID02330	0	10/10/2019
ID02331	0	14/10/2019
ID02333	0	02/10/2019
ID02334	0	14/10/2019
ID02335	0	03/10/2019
ID02336	0	14/10/2019
ID02337	0	10/10/2019
ID02338	0	10/10/2019
ID02339	0	03/10/2019
ID02340	0	10/10/2019
ID02341	0	04/10/2019
ID02342	0	02/10/2019
ID02344	0	05/10/2019
ID02346	0	14/10/2019
ID02349	0	07/10/2019
ID02351	0	02/10/2019
ID02352	0	08/10/2019
ID02354	0	01/10/2019
ID02355	0	08/10/2019
ID02357	0	09/10/2019
ID02358	0	14/10/2019
ID02359	0	05/10/2019
ID02362	0	09/10/2019
ID02364	0	06/10/2019
ID02365	0	07/10/2019
ID02366	0	14/10/2019
ID02367	0	05/10/2019
ID02368	0	03/10/2019
ID02369	0	11/10/2019
ID02371	0	11/10/2019
ID02374	1	10/10/2019
ID02375	0	11/10/2019
ID02376	0	01/10/2019
ID02377	1	10/10/2019
ID02381	0	14/10/2019
ID02387	0	14/10/2019
ID02388	0	10/10/2019
ID02391	0	12/10/2019
ID02392	0	03/10/2019
ID02393	0	12/10/2019
ID02397	0	01/10/2019
ID02400	0	11/10/2019
ID02401	0	09/10/2019
ID02403	0	01/10/2019
ID02404	1	03/10/2019
ID02406	0	08/10/2019
ID02408	0	04/10/2019
ID02410	0	09/10/2019
ID02411	0	09/10/2019
ID02414	1	07/10/2019
ID02415	0	04/10/2019
ID02416	1	08/10/2019
ID02420	0	06/10/2019
ID02421	0	08/10/2019
ID02423	0	09/10/2019
ID02425	0	03/10/2019
ID02427	0	01/10/2019
ID02428	1	12/10/2019
ID02429	0	03/10/2019
ID02430	0	10/10/2019
ID02432	0	10/10/2019
ID02435	0	12/10/2019
ID02437	0	07/10/2019
ID02438	0	02/10/2019
ID02439	1	04/10/2019
ID02440	0	14/10/2019
ID02441	0	05/10/2019
ID02442	0	09/10/2019
ID02443	0	11/10/2019
ID02444	0	11/10/2019
ID02447	0	02/10/2019
ID02448	0	09/10/2019
ID02449	0	12/10/2019
ID02451	0	10/10/2019
ID02453	0	11/10/2019
ID02454	0	12/10/2019
ID02456	0	09/10/2019
ID02457	0	08/10/2019
ID02459	0	14/10/2019
ID02460	0	01/10/2019
ID02461	0	14/10/2019
ID02462	0	10/10/2019
ID02463	0	12/10/2019
ID02464	0	02/10/2019
ID02467	0	11/10/2019
ID02469	0	01/10/2019
ID02470	0	05/10/2019
ID02471	0	04/10/2019
ID02472	0	01/10/2019
ID02474	0	02/10/2019
ID02478	0	14/10/2019
ID02479	0	13/10/2019
ID02482	0	02/10/2019
ID02484	0	06/10/2019
ID02485	0	14/10/2019
ID02486	0	02/10/2019
ID02487	1	07/10/2019
ID02488	0	08/10/2019
ID02489	0	02/10/2019
ID02490	0	07/10/2019
ID02491	1	04/10/2019
ID02493	0	12/10/2019
ID02494	0	08/10/2019
ID02496	0	07/10/2019
ID02497	1	12/10/2019
ID02498	0	04/10/2019
ID02499	0	02/10/2019
ID02500	0	12/10/2019
ID02502	0	01/10/2019
ID02504	0	01/10/2019
ID02506	0	14/10/2019
ID02508	0	02/10/2019
ID02509	0	14/10/2019
ID02511	0	04/10/2019
ID02512	0	08/10/2019
ID02513	0	10/10/2019
ID02514	0	10/10/2019
ID02517	0	11/10/2019
ID02520	0	09/10/2019
ID02521	0	13/10/2019
ID02523	0	03/10/2019
ID02524	0	09/10/2019
ID02525	0	07/10/2019
ID02527	0	02/10/2019
ID02528	0	06/10/2019
ID02537	1	07/10/2019
ID02538	0	03/10/2019
ID02539	0	04/10/2019
ID02541	0	10/10/2019
ID02544	0	02/10/2019
ID02545	0	12/10/2019
ID02547	1	01/10/2019
ID02548	0	07/10/2019
ID02553	0	06/10/2019
ID02557	0	03/10/2019
ID02558	0	03/10/2019
ID02559	0	03/10/2019
ID02560	0	06/10/2019
ID02562	0	07/10/2019
ID02565	0	03/10/2019
ID02566	0	09/10/2019
ID02568	0	05/10/2019
ID02569	0	02/10/2019
ID02571	0	09/10/2019
ID02572	0	01/10/2019
ID02575	1	04/10/2019
ID02576	0	02/10/2019
ID02577	0	09/10/2019
ID02578	0	01/10/2019
ID02579	0	07/10/2019
ID02580	0	12/10/2019
ID02581	0	12/10/2019
ID02583	1	01/10/2019
ID02584	0	07/10/2019
ID02585	0	12/10/2019
ID02586	0	05/10/2019
ID02587	0	07/10/2019
ID02588	0	11/10/2019
ID02589	0	02/10/2019
ID02590	0	10/10/2019
ID02592	0	08/10/2019
ID02593	0	02/10/2019
ID02594	0	06/10/2019
ID02596	0	07/10/2019
ID02597	0	09/10/2019
ID02598	0	04/10/2019
ID02600	0	01/10/2019
ID02602	0	08/10/2019
ID02605	0	12/10/2019
ID02606	0	07/10/2019
ID02608	0	10/10/2019
ID02610	0	01/10/2019
ID02612	0	03/10/2019
ID02613	0	09/10/2019
ID02614	0	06/10/2019
ID02615	0	02/10/2019
ID02617	0	07/10/2019
ID02618	0	13/10/2019
ID02619	0	06/10/2019
ID02620	0	01/10/2019
ID02622	1	08/10/2019
ID02623	0	09/10/2019
ID02625	0	04/10/2019
ID02626	0	01/10/2019
ID02629	0	01/10/2019
ID02630	1	09/10/2019
ID02631	0	11/10/2019
ID02634	0	01/10/2019
ID02636	0	05/10/2019
ID02638	0	06/10/2019
ID02639	0	12/10/2019
ID02640	0	10/10/2019
ID02642	0	12/10/2019
ID02643	0	09/10/2019
ID02644	0	08/10/2019
ID02646	0	09/10/2019
ID02649	1	07/10/2019
ID02650	0	05/10/2019
ID02651	0	08/10/2019
ID02652	0	09/10/2019
ID02654	0	09/10/2019
ID02656	0	10/10/2019
ID02657	0	13/10/2019
ID02661	1	08/10/2019
ID02663	0	12/10/2019
ID02667	0	13/10/2019
ID02668	0	14/10/2019
ID02670	0	09/10/2019
ID02671	0	05/10/2019
ID02674	0	02/10/2019
ID02676	0	03/10/2019
ID02677	0	03/10/2019
ID02678	0	14/10/2019
ID02679	0	10/10/2019
ID02681	0	14/10/2019
ID02684	1	08/10/2019
ID02685	0	10/10/2019
ID02687	0	14/10/2019
ID02688	0	13/10/2019
ID02689	0	02/10/2019
ID02690	0	05/10/2019
ID02692	0	04/10/2019
ID02694	0	09/10/2019
ID02695	0	10/10/2019
ID02697	0	14/10/2019
ID02698	0	02/10/2019
ID02699	0	09/10/2019
ID02700	0	14/10/2019
ID02701	0	03/10/2019
ID02708	0	01/10/2019
ID02709	0	10/10/2019
ID02711	0	01/10/2019
ID02712	0	07/10/2019
ID02713	0	05/10/2019
ID02717	0	04/10/2019
ID02720	0	02/10/2019
ID02722	0	06/10/2019
ID02723	0	14/10/2019
ID02724	0	10/10/2019
ID02730	0	03/10/2019
ID02731	0	02/10/2019
ID02733	0	12/10/2019
ID02734	0	01/10/2019
ID02736	1	10/10/2019
ID02737	0	02/10/2019
ID02741	0	09/10/2019
ID02742	0	12/10/2019
ID02743	0	09/10/2019
ID02745	0	03/10/2019
ID02746	0	13/10/2019
ID02747	0	10/10/2019
ID02751	0	14/10/2019
ID02754	0	12/10/2019
ID02755	1	07/10/2019
ID02756	0	05/10/2019
ID02757	0	12/10/2019
ID02758	0	07/10/2019
ID02759	0	10/10/2019
ID02760	0	04/10/2019
ID02761	0	08/10/2019
ID02762	0	02/10/2019
ID02765	0	12/10/2019
ID02766	0	07/10/2019
ID02769	0	10/10/2019
ID02773	0	12/10/2019
ID02775	0	05/10/2019
ID02776	0	03/10/2019
ID02777	0	07/10/2019
ID02784	0	05/10/2019
ID02785	0	04/10/2019
ID02787	0	09/10/2019
ID02789	0	11/10/2019
ID02791	0	02/10/2019
ID02792	0	08/10/2019
ID02793	0	01/10/2019
ID02794	0	09/10/2019
ID02797	0	06/10/2019
ID02800	0	04/10/2019
ID02806	0	05/10/2019
ID02807	0	08/10/2019
ID02808	0	14/10/2019
ID02811	1	08/10/2019
ID02814	0	10/10/2019
ID02815	0	08/10/2019
ID02818	0	09/10/2019
ID02820	0	11/10/2019
ID02821	0	04/10/2019
ID02823	0	11/10/2019
ID02825	0	01/10/2019
ID02826	0	05/10/2019
ID02829	0	06/10/2019
ID02830	0	09/10/2019
ID02832	0	04/10/2019
ID02833	0	03/10/2019
ID02834	0	07/10/2019
ID02835	0	08/10/2019
ID02837	0	05/10/2019
ID02838	0	06/10/2019
ID02839	0	13/10/2019
ID02841	1	04/10/2019
ID02842	0	07/10/2019
ID02843	0	03/10/2019
ID02844	0	05/10/2019
ID02846	0	05/10/2019
ID02847	0	10/10/2019
ID02848	0	07/10/2019
ID02849	0	04/10/2019
ID02850	0	13/10/2019
ID02852	0	09/10/2019
ID02853	0	09/10/2019
ID02854	0	05/10/2019
ID02855	0	09/10/2019
ID02857	0	02/10/2019
ID02859	1	14/10/2019
ID02860	0	11/10/2019
ID02863	0	13/10/2019
ID02864	0	07/10/2019
ID02865	0	09/10/2019
ID02867	0	04/10/2019
ID02868	0	11/10/2019
ID02870	0	04/10/2019
ID02871	0	08/10/2019
ID02874	0	13/10/2019
ID02875	0	07/10/2019
ID02876	0	02/10/2019
ID02877	0	02/10/2019
ID02878	0	09/10/2019
ID02879	1	12/10/2019
ID02881	0	02/10/2019
ID02882	0	02/10/2019
ID02884	0	04/10/2019
ID02885	0	07/10/2019
ID02888	0	10/10/2019
ID02890	0	09/10/2019
ID02892	0	01/10/2019
ID02893	0	03/10/2019
ID02897	0	05/10/2019
ID02899	0	03/10/2019
ID02900	1	11/10/2019
ID02901	0	03/10/2019
ID02906	0	14/10/2019
ID02907	0	04/10/2019
ID02908	0	01/10/2019
ID02909	0	01/10/2019
ID02910	1	01/10/2019
ID02911	0	04/10/2019
ID02913	0	13/10/2019
ID02915	0	08/10/2019
ID02916	0	12/10/2019
ID02917	1	04/10/2019
ID02918	0	05/10/2019
ID02924	0	10/10/2019
ID02925	0	14/10/2019
ID02926	1	05/10/2019
ID02929	0	07/10/2019
ID02931	0	08/10/2019
ID02932	0	01/10/2019
ID02933	0	03/10/2019
ID02934	0	11/10/2019
ID02935	1	14/10/2019
ID02936	0	08/10/2019
ID02937	0	07/10/2019
ID02938	0	13/10/2019
ID02940	0	07/10/2019
ID02945	0	08/10/2019
ID02950	0	01/10/2019
ID02953	0	11/10/2019
ID02956	0	04/10/2019
ID02957	1	04/10/2019
ID02959	0	14/10/2019
ID02961	0	12/10/2019
ID02963	0	14/10/2019
ID02964	0	02/10/2019
ID02966	0	06/10/2019
ID02967	0	01/10/2019
ID02970	0	13/10/2019
ID02971	0	13/10/2019
ID02972	0	04/10/2019
ID02973	0	10/10/2019
ID02975	0	09/10/2019
ID02976	0	09/10/2019
ID02977	0	11/10/2019
ID02980	0	08/10/2019
ID02981	0	04/10/2019
ID02982	0	06/10/2019
ID02984	0	02/10/2019
ID02985	0	05/10/2019
ID02988	1	12/10/2019
ID02990	0	05/10/2019
ID02991	0	03/10/2019
ID02992	0	02/10/2019
ID02993	0	10/10/2019
ID02994	1	08/10/2019
ID02997	0	02/10/2019
ID03000	0	09/10/2019
ID03001	1	04/10/2019
ID03002	0	07/10/2019
ID03003	0	04/10/2019
ID03004	0	07/10/2019
ID03005	0	03/10/2019
ID03007	1	15/10/2019
ID03009	0	13/10/2019
ID03010	0	04/10/2019
ID03011	0	07/10/2019
ID03012	0	08/10/2019
ID03013	0	10/10/2019
ID03014	0	14/10/2019
ID03015	0	04/10/2019
ID03018	0	08/10/2019
ID03019	0	09/10/2019
ID03021	0	04/10/2019
ID03023	0	11/10/2019
ID03024	0	03/10/2019
ID03025	0	07/10/2019
ID03026	0	05/10/2019
ID03029	0	05/10/2019
ID03030	0	07/10/2019
ID03031	0	04/10/2019
ID03032	1	14/10/2019
ID03036	0	08/10/2019
ID03037	0	07/10/2019
ID03038	1	11/10/2019
ID03041	0	05/10/2019
ID03046	0	01/10/2019
ID03049	0	14/10/2019
ID03051	1	10/10/2019
ID03052	1	05/10/2019
ID03053	0	07/10/2019
ID03054	0	07/10/2019
ID03055	0	11/10/2019
ID03057	0	07/10/2019
ID03058	0	12/10/2019
ID03060	0	13/10/2019
ID03062	0	12/10/2019
ID03063	0	13/10/2019
ID03064	1	10/10/2019
ID03065	0	03/10/2019
ID03066	1	15/10/2019
ID03068	0	01/10/2019
ID03069	0	03/10/2019
ID03070	0	12/10/2019
ID03071	1	05/10/2019
ID03073	0	05/10/2019
ID03075	0	11/10/2019
ID03076	0	10/10/2019
ID03078	0	14/10/2019
ID03080	0	06/10/2019
ID03081	0	05/10/2019
ID03082	0	05/10/2019
ID03083	0	13/10/2019
ID03086	1	14/10/2019
ID03087	0	04/10/2019
ID03090	1	04/10/2019
ID03091	0	05/10/2019
ID03095	0	03/10/2019
ID03098	0	08/10/2019
ID03099	0	02/10/2019
ID03101	0	11/10/2019
ID03102	0	14/10/2019
ID03103	0	08/10/2019
ID03104	0	12/10/2019
ID03105	0	09/10/2019
ID03112	0	10/10/2019
ID03115	0	02/10/2019
ID03116	0	06/10/2019
ID03120	0	01/10/2019
ID03122	0	13/10/2019
ID03124	0	11/10/2019
ID03125	0	12/10/2019
ID03126	0	10/10/2019
ID03128	0	12/10/2019
ID03129	0	01/10/2019
ID03130	0	08/10/2019
ID03136	0	01/10/2019
ID03140	0	06/10/2019
ID03141	0	10/10/2019
ID03144	0	14/10/2019
ID03145	0	04/10/2019
ID03146	0	03/10/2019
ID03148	0	02/10/2019
ID03150	0	11/10/2019
ID03151	0	14/10/2019
ID03162	0	14/10/2019
ID03164	0	05/10/2019
ID03168	0	02/10/2019
ID03169	0	04/10/2019
ID03170	0	11/10/2019
ID03171	0	07/10/2019
ID03172	0	01/10/2019
ID03174	0	02/10/2019
ID03175	0	01/10/2019
ID03178	0	14/10/2019
ID03179	0	04/10/2019
ID03180	1	11/10/2019
ID03181	0	04/10/2019
ID03184	0	04/10/2019
ID03189	0	14/10/2019
ID03190	0	06/10/2019
ID03191	0	10/10/2019
ID03192	0	09/10/2019
ID03195	0	06/10/2019
ID03197	0	03/10/2019
ID03202	0	14/10/2019
ID03204	0	10/10/2019
ID03205	0	11/10/2019
ID03207	0	03/10/2019
ID03210	0	07/10/2019
ID03211	0	06/10/2019
ID03212	0	03/10/2019
ID03214	0	09/10/2019
ID03215	0	02/10/2019
ID03217	0	11/10/2019
ID03219	0	02/10/2019
ID03220	0	01/10/2019
ID03221	0	14/10/2019
ID03222	0	07/10/2019
ID03223	0	01/10/2019
ID03226	0	13/10/2019
ID03228	0	07/10/2019
ID03230	0	04/10/2019
ID03231	1	15/10/2019
ID03232	1	11/10/2019
ID03235	0	12/10/2019
ID03238	0	10/10/2019
ID03239	0	02/10/2019
ID03240	0	02/10/2019
ID03241	0	01/10/2019
ID03244	0	12/10/2019
ID03245	0	13/10/2019
ID03247	0	14/10/2019
ID03249	0	06/10/2019
ID03250	0	12/10/2019
ID03253	0	14/10/2019
ID03254	0	01/10/2019
ID03255	0	09/10/2019
ID03256	0	13/10/2019
ID03257	0	02/10/2019
ID03258	0	02/10/2019
ID03259	0	06/10/2019
ID03262	0	01/10/2019
ID03265	0	02/10/2019
ID03268	1	01/10/2019
ID03269	0	08/10/2019
ID03271	0	05/10/2019
ID03272	0	10/10/2019
ID03273	0	14/10/2019
ID03275	0	14/10/2019
ID03276	0	08/10/2019
ID03277	1	01/10/2019
ID03279	0	06/10/2019
ID03280	0	08/10/2019
ID03281	0	08/10/2019
ID03283	1	09/10/2019
ID03284	0	07/10/2019
ID03287	1	14/10/2019
ID03288	0	03/10/2019
ID03289	0	07/10/2019
ID03290	0	02/10/2019
ID03291	0	13/10/2019
ID03292	0	01/10/2019
ID03300	0	11/10/2019
ID03304	0	05/10/2019
ID03307	0	08/10/2019
ID03308	1	01/10/2019
ID03309	0	01/10/2019
ID03311	0	07/10/2019
ID03312	0	01/10/2019
ID03313	0	07/10/2019
ID03314	0	12/10/2019
ID03315	0	09/10/2019
ID03318	0	11/10/2019
ID03320	0	07/10/2019
ID03321	0	11/10/2019
ID03322	0	11/10/2019
ID03323	0	02/10/2019
ID03324	0	08/10/2019
ID03326	0	14/10/2019
ID03327	0	04/10/2019
ID03328	0	07/10/2019
ID03329	0	12/10/2019
ID03330	0	08/10/2019
ID03331	0	13/10/2019
ID03332	0	06/10/2019
ID03333	0	08/10/2019
ID03334	0	03/10/2019
ID03335	0	07/10/2019
ID03337	0	05/10/2019
ID03338	0	01/10/2019
ID03340	0	14/10/2019
ID03344	1	05/10/2019
ID03347	0	04/10/2019
ID03349	0	07/10/2019
ID03351	0	03/10/2019
ID03354	0	08/10/2019
ID03355	0	14/10/2019
ID03357	0	09/10/2019
ID03360	0	10/10/2019
ID03364	1	07/10/2019
ID03365	0	12/10/2019
ID03367	0	08/10/2019
ID03370	1	15/10/2019
ID03372	0	07/10/2019
ID03373	0	05/10/2019
ID03374	0	02/10/2019
ID03375	0	11/10/2019
ID03376	0	04/10/2019
ID03377	0	14/10/2019
ID03378	0	07/10/2019
ID03379	1	07/10/2019
ID03380	0	11/10/2019
ID03381	0	08/10/2019
ID03383	0	08/10/2019
ID03385	0	03/10/2019
ID03386	0	09/10/2019
ID03388	0	09/10/2019
ID03389	0	03/10/2019
ID03390	0	03/10/2019
ID03391	0	10/10/2019
ID03392	0	14/10/2019
ID03398	0	02/10/2019
ID03399	0	02/10/2019
ID03400	0	03/10/2019
ID03401	1	07/10/2019
ID03402	0	05/10/2019
ID03403	1	02/10/2019
ID03404	0	01/10/2019
ID03405	0	11/10/2019
ID03406	0	11/10/2019
ID03407	0	10/10/2019
ID03409	0	05/10/2019
ID03410	0	06/10/2019
ID03412	0	13/10/2019
ID03413	0	03/10/2019
ID03414	0	01/10/2019
ID03416	0	11/10/2019
ID03417	0	10/10/2019
ID03422	0	01/10/2019
ID03424	0	11/10/2019
ID03426	0	05/10/2019
ID03427	1	07/10/2019
ID03428	0	09/10/2019
ID03429	0	01/10/2019
ID03431	0	10/10/2019
ID03432	0	13/10/2019
ID03433	0	14/10/2019
ID03435	0	12/10/2019
ID03436	1	09/10/2019
ID03438	0	09/10/2019
ID03440	0	01/10/2019
ID03444	0	04/10/2019
ID03445	0	04/10/2019
ID03449	0	07/10/2019
ID03451	1	15/10/2019
ID03454	0	09/10/2019
ID03455	0	10/10/2019
ID03456	0	09/10/2019
ID03457	0	06/10/2019
ID03459	0	08/10/2019
ID03460	0	02/10/2019
ID03461	1	05/10/2019
ID03462	0	11/10/2019
ID03464	0	02/10/2019
ID03467	0	07/10/2019
ID03468	1	02/10/2019
ID03469	0	02/10/2019
ID03470	1	10/10/2019
ID03471	0	02/10/2019
ID03472	0	04/10/2019
ID03473	0	06/10/2019
ID03475	0	07/10/2019
ID03476	0	14/10/2019
ID03477	1	10/10/2019
ID03478	0	01/10/2019
ID03479	0	03/10/2019
ID03481	0	01/10/2019
ID03482	0	12/10/2019
ID03483	0	01/10/2019
ID03484	0	08/10/2019
ID03487	0	03/10/2019
ID03488	0	14/10/2019
ID03489	0	04/10/2019
ID03491	0	02/10/2019
ID03492	0	11/10/2019
ID03493	0	11/10/2019
ID03494	0	11/10/2019
ID03495	0	10/10/2019
ID03496	0	08/10/2019
ID03498	0	01/10/2019
ID03500	1	09/10/2019
ID03501	0	09/10/2019
ID03505	0	02/10/2019
ID03506	0	14/10/2019
ID03507	0	14/10/2019
ID03508	1	05/10/2019
ID03510	0	11/10/2019
ID03512	0	03/10/2019
ID03513	0	12/10/2019
ID03515	0	03/10/2019
ID03516	0	06/10/2019
ID03517	0	09/10/2019
ID03518	1	07/10/2019
ID03519	0	06/10/2019
ID03523	0	03/10/2019
ID03524	0	12/10/2019
ID03525	0	13/10/2019
ID03526	0	05/10/2019
ID03528	0	05/10/2019
ID03529	0	10/10/2019
ID03531	0	07/10/2019
ID03535	0	06/10/2019
ID03538	0	10/10/2019
ID03539	0	08/10/2019
ID03540	0	13/10/2019
ID03541	0	14/10/2019
ID03543	0	05/10/2019
ID03548	0	11/10/2019
ID03550	0	01/10/2019
ID03552	1	04/10/2019
ID03553	0	05/10/2019
ID03554	1	12/10/2019
ID03555	0	01/10/2019
ID03557	0	10/10/2019
ID03558	0	01/10/2019
ID03559	0	12/10/2019
ID03561	0	02/10/2019
ID03563	0	02/10/2019
ID03564	0	06/10/2019
ID03565	1	07/10/2019
ID03567	0	04/10/2019
ID03568	0	04/10/2019
ID03569	0	02/10/2019
ID03570	0	06/10/2019
ID03573	0	03/10/2019
ID03574	0	03/10/2019
ID03575	0	03/10/2019
ID03576	0	10/10/2019
ID03577	0	10/10/2019
ID03579	0	12/10/2019
ID03580	0	11/10/2019
ID03581	0	12/10/2019
ID03582	0	02/10/2019
ID03583	0	14/10/2019
ID03587	0	05/10/2019
ID03591	0	05/10/2019
ID03592	0	08/10/2019
ID03593	0	09/10/2019
ID03595	0	01/10/2019
ID03596	0	08/10/2019
ID03598	0	07/10/2019
ID03600	0	05/10/2019
ID03601	0	09/10/2019
ID03602	0	11/10/2019
ID03603	0	03/10/2019
ID03608	0	04/10/2019
ID03610	0	11/10/2019
ID03612	0	11/10/2019
ID03615	1	04/10/2019
ID03616	0	06/10/2019
ID03617	0	08/10/2019
ID03618	0	11/10/2019
ID03619	0	12/10/2019
ID03620	0	07/10/2019
ID03621	0	02/10/2019
ID03623	1	01/10/2019
ID03624	0	09/10/2019
ID03625	0	06/10/2019
ID03627	0	08/10/2019
ID03628	0	10/10/2019
ID03629	0	10/10/2019
ID03632	0	14/10/2019
ID03635	0	01/10/2019
ID03636	0	08/10/2019
ID03640	0	11/10/2019
ID03642	0	08/10/2019
ID03643	0	14/10/2019
ID03644	0	11/10/2019
ID03645	0	07/10/2019
ID03646	0	14/10/2019
ID03647	0	06/10/2019
ID03648	0	06/10/2019
ID03650	0	05/10/2019
ID03651	1	04/10/2019
ID03652	0	02/10/2019
ID03653	0	14/10/2019
ID03655	0	11/10/2019
ID03656	0	08/10/2019
ID03657	0	08/10/2019
ID03658	0	08/10/2019
ID03660	0	08/10/2019
ID03661	0	09/10/2019
ID03662	0	11/10/2019
ID03663	0	14/10/2019
ID03664	0	12/10/2019
ID03665	0	04/10/2019
ID03666	0	13/10/2019
ID03668	0	09/10/2019
ID03669	1	05/10/2019
ID03671	0	01/10/2019
ID03672	0	12/10/2019
ID03675	0	13/10/2019
ID03676	1	10/10/2019
ID03677	0	03/10/2019
ID03678	0	12/10/2019
ID03679	0	14/10/2019
ID03680	0	02/10/2019
ID03684	0	02/10/2019
ID03686	0	05/10/2019
ID03688	0	04/10/2019
ID03689	0	10/10/2019
ID03690	0	08/10/2019
ID03691	0	01/10/2019
ID03692	0	08/10/2019
ID03693	0	08/10/2019
ID03694	0	04/10/2019
ID03697	0	11/10/2019
ID03698	0	01/10/2019
ID03699	0	09/10/2019
ID03703	0	13/10/2019
ID03705	0	09/10/2019
ID03706	0	08/10/2019
ID03710	0	05/10/2019
ID03711	1	07/10/2019
ID03714	0	07/10/2019
ID03719	0	08/10/2019
ID03721	0	06/10/2019
ID03723	0	05/10/2019
ID03724	0	08/10/2019
ID03728	0	01/10/2019
ID03729	0	06/10/2019
ID03731	0	07/10/2019
ID03733	0	01/10/2019
ID03735	0	05/10/2019
ID03736	0	02/10/2019
ID03737	0	07/10/2019
ID03738	0	11/10/2019
ID03739	0	03/10/2019
ID03740	1	07/10/2019
ID03742	0	08/10/2019
ID03743	0	12/10/2019
ID03745	0	03/10/2019
ID03748	0	03/10/2019
ID03753	0	01/10/2019
ID03755	0	10/10/2019
ID03756	0	09/10/2019
ID03758	1	11/10/2019
ID03759	0	14/10/2019
ID03760	0	05/10/2019
ID03763	0	13/10/2019
ID03764	0	05/10/2019
ID03765	0	03/10/2019
ID03767	0	01/10/2019
ID03769	0	10/10/2019
ID03771	0	05/10/2019
ID03773	0	04/10/2019
ID03775	1	12/10/2019
ID03777	0	10/10/2019
ID03778	0	04/10/2019
ID03780	0	10/10/2019
ID03784	0	03/10/2019
ID03785	0	09/10/2019
ID03786	0	07/10/2019
ID03787	0	05/10/2019
ID03788	0	02/10/2019
ID03790	0	04/10/2019
ID03793	0	03/10/2019
ID03794	0	14/10/2019
ID03795	0	07/10/2019
ID03796	0	06/10/2019
ID03798	0	11/10/2019
ID03800	0	09/10/2019
ID03802	0	13/10/2019
ID03803	0	10/10/2019
ID03804	0	01/10/2019
ID03809	0	11/10/2019
ID03810	1	07/10/2019
ID03811	0	12/10/2019
ID03813	0	04/10/2019
ID03814	0	02/10/2019
ID03816	0	10/10/2019
ID03818	0	07/10/2019
ID03819	0	14/10/2019
ID03821	0	09/10/2019
ID03822	0	01/10/2019
ID03825	0	07/10/2019
ID03827	0	08/10/2019
ID03831	0	12/10/2019
ID03833	0	03/10/2019
ID03834	0	02/10/2019
ID03835	0	02/10/2019
ID03837	0	05/10/2019
ID03840	0	01/10/2019
ID03842	0	13/10/2019
ID03843	0	07/10/2019
ID03845	0	07/10/2019
ID03846	0	09/10/2019
ID03850	0	01/10/2019
ID03852	0	06/10/2019
ID03854	0	12/10/2019
ID03855	0	03/10/2019
ID03856	0	03/10/2019
ID03857	0	07/10/2019
ID03858	0	04/10/2019
ID03859	0	13/10/2019
ID03860	0	06/10/2019
ID03861	0	04/10/2019
ID03862	0	04/10/2019
ID03864	0	03/10/2019
ID03865	0	08/10/2019
ID03867	0	13/10/2019
ID03870	0	03/10/2019
ID03871	1	07/10/2019
ID03872	0	06/10/2019
ID03873	0	01/10/2019
ID03874	0	03/10/2019
ID03875	0	06/10/2019
ID03876	0	05/10/2019
ID03877	0	11/10/2019
ID03879	0	04/10/2019
ID03884	0	10/10/2019
ID03885	1	10/10/2019
ID03886	0	04/10/2019
ID03890	0	10/10/2019
ID03891	0	01/10/2019
ID03892	1	05/10/2019
ID03893	0	07/10/2019
ID03894	1	03/10/2019
ID03895	0	12/10/2019
ID03896	0	11/10/2019
ID03898	0	09/10/2019
ID03900	0	02/10/2019
ID03903	0	14/10/2019
ID03905	0	07/10/2019
ID03906	0	05/10/2019
ID03908	0	06/10/2019
ID03911	0	04/10/2019
ID03912	0	11/10/2019
ID03913	0	02/10/2019
ID03916	0	14/10/2019
ID03917	0	10/10/2019
ID03918	0	03/10/2019
ID03920	0	05/10/2019
ID03923	0	12/10/2019
ID03924	1	12/10/2019
ID03925	1	08/10/2019
ID03928	0	02/10/2019
ID03929	1	14/10/2019
ID03931	0	11/10/2019
ID03932	0	12/10/2019
ID03933	0	10/10/2019
ID03934	0	04/10/2019
ID03936	0	11/10/2019
ID03937	0	10/10/2019
ID03940	0	14/10/2019
ID03942	0	11/10/2019
ID03944	0	02/10/2019
ID03945	0	14/10/2019
ID03946	0	06/10/2019
ID03947	0	13/10/2019
ID03948	0	08/10/2019
ID03949	0	02/10/2019
ID03952	0	14/10/2019
ID03954	0	04/10/2019
ID03956	0	11/10/2019
ID03957	0	02/10/2019
ID03962	0	02/10/2019
ID03963	0	06/10/2019
ID03965	0	13/10/2019
ID03966	0	08/10/2019
ID03970	0	14/10/2019
ID03971	0	10/10/2019
ID03972	0	11/10/2019
ID03973	0	01/10/2019
ID03975	0	02/10/2019
ID03976	1	07/10/2019
ID03978	0	01/10/2019
ID03979	0	01/10/2019
ID03981	0	11/10/2019
ID03982	0	14/10/2019
ID03984	0	04/10/2019
ID03986	0	12/10/2019
ID03990	0	04/10/2019
ID03991	0	04/10/2019
ID03992	0	07/10/2019
ID03994	0	13/10/2019
ID03995	0	05/10/2019
ID03996	0	04/10/2019
ID04000	0	04/10/2019
ID04003	0	09/10/2019
ID04006	1	04/10/2019
ID04007	0	09/10/2019
ID04009	1	03/10/2019
ID04010	0	12/10/2019
ID04011	0	05/10/2019
ID04012	0	11/10/2019
ID04013	1	03/10/2019
ID04014	0	07/10/2019
ID04015	0	03/10/2019
ID04017	0	01/10/2019
ID04018	1	04/10/2019
ID04020	0	12/10/2019
ID04024	0	13/10/2019
ID04026	1	09/10/2019
ID04030	0	03/10/2019
ID04031	0	11/10/2019
ID04032	0	10/10/2019
ID04033	0	06/10/2019
ID04034	0	04/10/2019
ID04035	0	02/10/2019
ID04036	0	13/10/2019
ID04037	0	03/10/2019
ID04038	0	02/10/2019
ID04039	0	04/10/2019
ID04040	0	02/10/2019
ID04041	0	10/10/2019
ID04043	0	12/10/2019
ID04044	0	10/10/2019
ID04045	1	10/10/2019
ID04046	0	14/10/2019
ID04049	0	05/10/2019
ID04050	0	08/10/2019
ID04051	0	11/10/2019
ID04053	0	12/10/2019
ID04056	0	02/10/2019
ID04057	0	02/10/2019
ID04059	0	14/10/2019
ID04060	1	14/10/2019
ID04062	0	08/10/2019
ID04064	0	02/10/2019
ID04065	0	08/10/2019
ID04067	0	03/10/2019
ID04068	1	07/10/2019
ID04069	0	02/10/2019
ID04070	0	14/10/2019
ID04072	0	13/10/2019
ID04076	0	04/10/2019
ID04077	0	07/10/2019
ID04081	0	06/10/2019
ID04083	0	03/10/2019
ID04084	0	07/10/2019
ID04085	0	05/10/2019
ID04088	0	09/10/2019
ID04091	0	12/10/2019
ID04092	0	14/10/2019
ID04094	0	05/10/2019
ID04095	0	05/10/2019
ID04096	0	11/10/2019
ID04097	0	04/10/2019
ID04102	0	07/10/2019
ID04103	0	14/10/2019
ID04104	0	05/10/2019
ID04105	0	08/10/2019
ID04106	0	10/10/2019
ID04108	0	11/10/2019
ID04109	0	06/10/2019
ID04111	0	14/10/2019
ID04112	0	12/10/2019
ID04113	0	03/10/2019
ID04114	0	03/10/2019
ID04117	0	12/10/2019
ID04119	0	14/10/2019
ID04121	0	11/10/2019
ID04122	0	02/10/2019
ID04123	0	12/10/2019
ID04124	0	07/10/2019
ID04130	0	11/10/2019
ID04131	0	08/10/2019
ID04133	0	10/10/2019
ID04134	1	02/10/2019
ID04135	0	05/10/2019
ID04136	0	11/10/2019
ID04142	0	11/10/2019
ID04144	0	07/10/2019
ID04146	0	06/10/2019
ID04148	0	09/10/2019
ID04150	0	11/10/2019
ID04151	0	08/10/2019
ID04155	0	01/10/2019
ID04156	0	05/10/2019
ID04157	0	02/10/2019
ID04158	0	04/10/2019
ID04160	1	03/10/2019
ID04161	0	08/10/2019
ID04163	0	14/10/2019
ID04166	0	01/10/2019
ID04167	0	13/10/2019
ID04169	0	08/10/2019
ID04170	0	04/10/2019
ID04172	0	12/10/2019
ID04173	0	10/10/2019
ID04174	1	14/10/2019
ID04175	0	01/10/2019
ID04177	0	05/10/2019
ID04178	0	02/10/2019
ID04181	1	02/10/2019
ID04182	0	10/10/2019
ID04184	0	12/10/2019
ID04185	0	06/10/2019
ID04186	0	09/10/2019
ID04187	0	04/10/2019
ID04191	0	01/10/2019
ID04192	0	09/10/2019
ID04193	0	05/10/2019
ID04194	0	02/10/2019
ID04196	0	12/10/2019
ID04202	0	01/10/2019
ID04203	0	10/10/2019
ID04205	0	11/10/2019
ID04207	0	12/10/2019
ID04208	0	07/10/2019
ID04210	1	07/10/2019
ID04211	1	14/10/2019
ID04212	0	03/10/2019
ID04213	0	12/10/2019
ID04214	0	06/10/2019
ID04216	0	07/10/2019
ID04217	0	10/10/2019
ID04224	1	07/10/2019
ID04229	0	01/10/2019
ID04230	0	11/10/2019
ID04233	0	09/10/2019
ID04236	0	13/10/2019
ID04240	0	11/10/2019
ID04241	0	02/10/2019
ID04242	0	14/10/2019
ID04243	0	11/10/2019
ID04244	1	01/10/2019
ID04245	1	07/10/2019
ID04248	0	07/10/2019
ID04250	0	04/10/2019
ID04251	0	02/10/2019
ID04252	0	10/10/2019
ID04253	0	09/10/2019
ID04254	0	03/10/2019
ID04255	1	10/10/2019
ID04256	0	11/10/2019
ID04257	0	10/10/2019
ID04258	0	07/10/2019
ID04261	0	07/10/2019
ID04262	0	07/10/2019
ID04263	0	12/10/2019
ID04264	0	03/10/2019
ID04265	0	05/10/2019
ID04266	0	03/10/2019
ID04268	0	10/10/2019
ID04269	0	05/10/2019
ID04270	1	01/10/2019
ID04271	0	14/10/2019
ID04272	0	14/10/2019
ID04273	0	10/10/2019
ID04276	0	09/10/2019
ID04278	0	01/10/2019
ID04279	0	10/10/2019
ID04280	0	01/10/2019
ID04281	0	08/10/2019
ID04282	0	14/10/2019
ID04283	0	14/10/2019
ID04285	0	05/10/2019
ID04287	0	09/10/2019
ID04288	0	14/10/2019
ID04289	0	01/10/2019
ID04292	0	02/10/2019
ID04293	1	03/10/2019
ID04294	0	11/10/2019
ID04296	0	06/10/2019
ID04298	0	11/10/2019
ID04300	0	02/10/2019
ID04301	0	07/10/2019
ID04302	0	11/10/2019
ID04303	0	01/10/2019
ID04306	0	10/10/2019
ID04307	0	01/10/2019
ID04308	0	11/10/2019
ID04310	0	14/10/2019
ID04312	0	02/10/2019
ID04314	0	04/10/2019
ID04316	0	09/10/2019
ID04317	0	13/10/2019
ID04318	0	03/10/2019
ID04319	0	02/10/2019
ID04323	0	07/10/2019
ID04325	0	09/10/2019
ID04327	0	07/10/2019
ID04328	0	01/10/2019
ID04329	1	07/10/2019
ID04330	0	11/10/2019
ID04331	0	13/10/2019
ID04332	1	12/10/2019
ID04333	0	01/10/2019
ID04334	0	02/10/2019
ID04336	0	09/10/2019
ID04338	0	03/10/2019
ID04339	0	04/10/2019
ID04340	0	14/10/2019
ID04341	0	09/10/2019
ID04342	0	01/10/2019
ID04343	0	01/10/2019
ID04344	0	07/10/2019
ID04345	0	02/10/2019
ID04346	0	11/10/2019
ID04347	0	11/10/2019
ID04348	0	12/10/2019
ID04349	0	08/10/2019
ID04352	0	08/10/2019
ID04353	0	05/10/2019
ID04355	0	01/10/2019
ID04357	0	06/10/2019
ID04358	0	02/10/2019
ID04359	0	04/10/2019
ID04360	0	14/10/2019
ID04365	0	01/10/2019
ID04366	0	14/10/2019
ID04367	0	03/10/2019
ID04368	0	11/10/2019
ID04369	0	10/10/2019
ID04370	1	04/10/2019
ID04372	0	10/10/2019
ID04374	0	07/10/2019
ID04375	0	03/10/2019
ID04376	1	12/10/2019
ID04377	0	10/10/2019
ID04378	0	07/10/2019
ID04379	1	14/10/2019
ID04380	0	03/10/2019
ID04381	0	14/10/2019
ID04382	0	05/10/2019
ID04387	0	09/10/2019
ID04388	0	07/10/2019
ID04389	0	10/10/2019
ID04390	0	12/10/2019
ID04391	0	05/10/2019
ID04393	0	11/10/2019
ID04394	0	10/10/2019
ID04396	0	06/10/2019
ID04399	0	07/10/2019
ID04400	0	04/10/2019
ID04401	1	03/10/2019
ID04403	0	09/10/2019
ID04404	0	09/10/2019
ID04406	0	11/10/2019
ID04407	0	02/10/2019
ID04409	0	04/10/2019
ID04410	0	08/10/2019
ID04412	0	13/10/2019
ID04413	0	12/10/2019
ID04414	1	07/10/2019
ID04415	0	09/10/2019
ID04416	0	09/10/2019
ID04417	0	11/10/2019
ID04418	0	01/10/2019
ID04421	0	10/10/2019
ID04424	0	13/10/2019
ID04425	0	06/10/2019
ID04426	0	07/10/2019
ID04428	0	04/10/2019
ID04429	0	06/10/2019
ID04430	0	03/10/2019
ID04431	0	07/10/2019
ID04432	1	15/10/2019
ID04434	0	04/10/2019
ID04435	0	08/10/2019
ID04437	0	14/10/2019
ID04441	0	06/10/2019
ID04443	0	06/10/2019
ID04445	0	14/10/2019
ID04446	0	02/10/2019
ID04448	0	08/10/2019
ID04450	0	05/10/2019
ID04451	0	04/10/2019
ID04452	0	07/10/2019
ID04454	0	10/10/2019
ID04455	0	02/10/2019
ID04456	0	04/10/2019
ID04457	0	05/10/2019
ID04458	0	01/10/2019
ID04459	0	02/10/2019
ID04460	1	10/10/2019
ID04461	0	09/10/2019
ID04464	0	10/10/2019
ID04465	0	12/10/2019
ID04467	0	07/10/2019
ID04474	0	13/10/2019
ID04476	0	01/10/2019
ID04477	0	03/10/2019
ID04479	0	06/10/2019
ID04480	0	02/10/2019
ID04484	1	01/10/2019
ID04485	0	02/10/2019
ID04488	1	08/10/2019
ID04489	0	11/10/2019
ID04492	1	14/10/2019
ID04493	0	03/10/2019
ID04494	0	10/10/2019
ID04495	0	09/10/2019
ID04496	0	03/10/2019
ID04497	0	05/10/2019
ID04498	0	01/10/2019
ID04500	0	09/10/2019
ID04501	0	10/10/2019
ID04502	0	07/10/2019
ID04503	0	02/10/2019
ID04504	0	08/10/2019
ID04505	0	01/10/2019
ID04506	1	08/10/2019
ID04509	0	06/10/2019
ID04510	0	09/10/2019
ID04512	0	11/10/2019
ID04513	0	11/10/2019
ID04514	0	05/10/2019
ID04515	0	10/10/2019
ID04516	0	14/10/2019
ID04517	0	07/10/2019
ID04518	0	09/10/2019
ID04520	0	08/10/2019
ID04522	0	05/10/2019
ID04523	0	08/10/2019
ID04524	0	13/10/2019
ID04525	0	08/10/2019
ID04526	0	03/10/2019
ID04527	0	08/10/2019
ID04528	0	09/10/2019
ID04529	0	14/10/2019
ID04531	0	09/10/2019
ID04532	0	08/10/2019
ID04533	0	03/10/2019
ID04535	0	10/10/2019
ID04536	0	08/10/2019
ID04538	0	02/10/2019
ID04539	0	14/10/2019
ID04540	1	04/10/2019
ID04541	1	05/10/2019
ID04542	0	10/10/2019
ID04546	0	05/10/2019
ID04547	1	03/10/2019
ID04548	0	01/10/2019
ID04549	0	04/10/2019
ID04550	0	06/10/2019
ID04553	0	11/10/2019
ID04554	1	03/10/2019
ID04555	1	07/10/2019
ID04558	0	02/10/2019
ID04559	0	05/10/2019
ID04561	1	15/10/2019
ID04564	0	09/10/2019
ID04569	0	08/10/2019
ID04570	0	10/10/2019
ID04573	0	12/10/2019
ID04574	0	01/10/2019
ID04575	0	01/10/2019
ID04576	0	06/10/2019
ID04577	0	09/10/2019
ID04578	0	01/10/2019
ID04579	0	08/10/2019
ID04582	0	07/10/2019
ID04584	0	08/10/2019
ID04586	0	12/10/2019
ID04587	0	11/10/2019
ID04590	0	07/10/2019
ID04591	0	09/10/2019
ID04594	0	09/10/2019
ID04595	0	11/10/2019
ID04597	0	14/10/2019
ID04598	0	08/10/2019
ID04601	0	10/10/2019
ID04602	0	08/10/2019
ID04604	0	13/10/2019
ID04605	0	07/10/2019
ID04606	0	10/10/2019
ID04608	0	08/10/2019
ID04609	0	14/10/2019
ID04613	0	03/10/2019
ID04616	0	09/10/2019
ID04618	0	03/10/2019
ID04620	1	03/10/2019
ID04621	0	05/10/2019
ID04622	1	08/10/2019
ID04624	0	08/10/2019
ID04625	0	09/10/2019
ID04627	0	10/10/2019
ID04632	1	11/10/2019
ID04637	0	01/10/2019
ID04639	0	06/10/2019
ID04640	0	02/10/2019
ID04641	0	09/10/2019
ID04642	0	14/10/2019
ID04647	0	13/10/2019
ID04648	0	10/10/2019
ID04651	0	02/10/2019
ID04657	0	14/10/2019
ID04658	1	07/10/2019
ID04659	0	05/10/2019
ID04660	0	11/10/2019
ID04661	0	07/10/2019
ID04662	0	07/10/2019
ID04664	0	11/10/2019
ID04665	0	11/10/2019
ID04666	0	09/10/2019
ID04667	0	14/10/2019
ID04668	0	02/10/2019
ID04670	0	07/10/2019
ID04671	0	13/10/2019
ID04672	0	01/10/2019
ID04674	0	08/10/2019
ID04677	0	03/10/2019
ID04678	1	04/10/2019
ID04679	0	08/10/2019
ID04682	0	14/10/2019
ID04684	0	10/10/2019
ID04685	0	13/10/2019
ID04686	0	04/10/2019
ID04687	1	01/10/2019
ID04690	0	11/10/2019
ID04691	0	10/10/2019
ID04694	0	07/10/2019
ID04695	0	01/10/2019
ID04697	0	02/10/2019
ID04700	0	14/10/2019
ID04701	0	11/10/2019
ID04703	0	14/10/2019
ID04704	0	06/10/2019
ID04706	0	13/10/2019
ID04707	0	05/10/2019
ID04709	0	08/10/2019
ID04710	0	03/10/2019
ID04712	0	05/10/2019
ID04714	0	07/10/2019
ID04715	0	11/10/2019
ID04716	0	10/10/2019
ID04718	1	11/10/2019
ID04721	1	03/10/2019
ID04722	0	11/10/2019
ID04723	0	13/10/2019
ID04724	0	07/10/2019
ID04726	0	10/10/2019
ID04729	0	08/10/2019
ID04731	0	10/10/2019
ID04734	0	11/10/2019
ID04735	0	10/10/2019
ID04736	0	11/10/2019
ID04737	0	06/10/2019
ID04739	0	13/10/2019
ID04740	1	07/10/2019
ID04741	0	10/10/2019
ID04742	0	12/10/2019
ID04743	0	03/10/2019
ID04745	0	10/10/2019
ID04749	0	07/10/2019
ID04750	0	03/10/2019
ID04751	1	09/10/2019
ID04752	0	10/10/2019
ID04753	0	10/10/2019
ID04754	0	07/10/2019
ID04756	0	13/10/2019
ID04757	0	01/10/2019
ID04758	0	11/10/2019
ID04759	0	05/10/2019
ID04761	0	12/10/2019
ID04762	0	01/10/2019
ID04765	0	04/10/2019
ID04767	0	11/10/2019
ID04768	0	12/10/2019
ID04769	0	06/10/2019
ID04771	0	03/10/2019
ID04772	0	10/10/2019
ID04773	0	02/10/2019
ID04774	0	12/10/2019
ID04776	0	12/10/2019
ID04777	0	14/10/2019
ID04778	0	12/10/2019
ID04779	1	05/10/2019
ID04783	0	02/10/2019
ID04784	0	12/10/2019
ID04788	0	10/10/2019
ID04790	0	09/10/2019
ID04792	0	01/10/2019
ID04793	0	07/10/2019
ID04795	0	05/10/2019
ID04796	0	09/10/2019
ID04797	0	06/10/2019
ID04798	0	12/10/2019
ID04799	0	09/10/2019
ID04800	0	09/10/2019
ID04801	0	09/10/2019
ID04803	0	14/10/2019
ID04805	0	07/10/2019
ID04808	0	12/10/2019
ID04809	0	07/10/2019
ID04810	0	14/10/2019
ID04811	1	07/10/2019
ID04812	0	05/10/2019
ID04813	0	11/10/2019
ID04814	0	14/10/2019
ID04815	0	10/10/2019
ID04817	0	05/10/2019
ID04819	0	02/10/2019
ID04820	0	02/10/2019
ID04821	0	01/10/2019
ID04822	0	12/10/2019
ID04823	0	02/10/2019
ID04824	0	02/10/2019
ID04826	0	09/10/2019
ID04827	0	03/10/2019
ID04828	0	07/10/2019
ID04830	0	13/10/2019
ID04831	0	01/10/2019
ID04835	0	03/10/2019
ID04836	0	10/10/2019
ID04837	0	14/10/2019
ID04838	0	07/10/2019
ID04839	0	02/10/2019
ID04841	0	10/10/2019
ID04842	0	14/10/2019
ID04843	0	01/10/2019
ID04844	0	11/10/2019
ID04846	0	09/10/2019
ID04847	0	07/10/2019
ID04853	0	14/10/2019
ID04854	0	10/10/2019
ID04855	0	14/10/2019
ID04857	0	03/10/2019
ID04860	0	09/10/2019
ID04862	0	11/10/2019
ID04865	0	01/10/2019
ID04866	0	01/10/2019
ID04867	0	10/10/2019
ID04869	0	04/10/2019
ID04871	0	04/10/2019
ID04873	1	10/10/2019
ID04874	0	02/10/2019
ID04875	0	14/10/2019
ID04878	0	02/10/2019
ID04879	0	08/10/2019
ID04881	0	03/10/2019
ID04883	0	11/10/2019
ID04884	0	05/10/2019
ID04887	0	10/10/2019
ID04888	0	01/10/2019
ID04889	0	04/10/2019
ID04891	0	10/10/2019
ID04893	0	02/10/2019
ID04894	0	11/10/2019
ID04896	0	14/10/2019
ID04898	1	14/10/2019
ID04899	1	02/10/2019
ID04900	0	03/10/2019
ID04901	0	04/10/2019
ID04902	0	02/10/2019
ID04906	0	04/10/2019
ID04907	0	09/10/2019
ID04908	0	08/10/2019
ID04910	0	02/10/2019
ID04912	0	01/10/2019
ID04913	0	05/10/2019
ID04914	0	04/10/2019
ID04916	0	09/10/2019
ID04917	0	08/10/2019
ID04918	0	05/10/2019
ID04919	0	11/10/2019
ID04924	0	02/10/2019
ID04927	0	01/10/2019
ID04929	1	14/10/2019
ID04930	0	07/10/2019
ID04931	0	03/10/2019
ID04932	0	08/10/2019
ID04933	1	02/10/2019
ID04935	0	05/10/2019
ID04938	0	13/10/2019
ID04939	0	01/10/2019
ID04940	0	08/10/2019
ID04941	0	12/10/2019
ID04942	0	11/10/2019
ID04944	0	14/10/2019
ID04945	0	03/10/2019
ID04946	0	11/10/2019
ID04948	0	09/10/2019
ID04949	0	02/10/2019
ID04950	0	08/10/2019
ID04951	0	02/10/2019
ID04954	0	09/10/2019
ID04956	0	06/10/2019
ID04958	0	01/10/2019
ID04960	0	01/10/2019
ID04962	0	10/10/2019
ID04963	0	07/10/2019
ID04964	0	14/10/2019
ID04965	0	13/10/2019
ID04966	1	04/10/2019
ID04967	0	09/10/2019
ID04968	0	09/10/2019
ID04969	0	01/10/2019
ID04970	0	03/10/2019
ID04971	1	08/10/2019
ID04972	0	03/10/2019
ID04973	0	06/10/2019
ID04974	0	07/10/2019
ID04975	0	14/10/2019
ID04978	0	02/10/2019
ID04981	0	10/10/2019
ID04982	0	03/10/2019
ID04983	0	06/10/2019
ID04984	0	07/10/2019
ID04986	0	12/10/2019
ID04987	0	04/10/2019
ID04988	0	08/10/2019
ID04991	0	04/10/2019
ID04992	0	12/10/2019
ID04993	0	02/10/2019
ID04995	0	03/10/2019
ID04996	0	03/10/2019
ID04999	0	08/10/2019
ID05000	0	14/10/2019
ID05001	0	12/10/2019
ID05003	0	07/10/2019
ID05009	0	01/10/2019
ID05010	0	09/10/2019
ID05012	0	03/10/2019
ID05014	0	01/10/2019
ID05016	0	01/10/2019
ID05017	0	10/10/2019
ID05019	0	08/10/2019
ID05021	0	12/10/2019
ID05022	0	11/10/2019
ID05024	0	07/10/2019
ID05025	0	12/10/2019
ID05026	0	06/10/2019
ID05028	0	08/10/2019
ID05029	0	10/10/2019
ID05032	1	12/10/2019
ID05034	0	03/10/2019
ID05035	0	09/10/2019
ID05036	0	09/10/2019
ID05038	0	11/10/2019
ID05042	0	06/10/2019
ID05043	0	01/10/2019
ID05044	0	04/10/2019
ID05045	0	05/10/2019
ID05046	0	09/10/2019
ID05047	0	10/10/2019
ID05048	1	14/10/2019
ID05049	0	05/10/2019
ID05050	0	04/10/2019
ID05051	0	09/10/2019
ID05052	0	03/10/2019
ID05056	0	03/10/2019
ID05057	0	06/10/2019
ID05059	0	11/10/2019
ID05060	1	07/10/2019
ID05061	1	07/10/2019
ID05062	0	10/10/2019
ID05065	1	07/10/2019
ID05066	0	06/10/2019
ID05068	0	09/10/2019
ID05069	0	13/10/2019
ID05073	0	05/10/2019
ID05074	0	02/10/2019
ID05075	1	12/10/2019
ID05081	0	02/10/2019
ID05085	0	02/10/2019
ID05087	0	01/10/2019
ID05093	0	03/10/2019
ID05094	0	05/10/2019
ID05096	0	01/10/2019
ID05097	0	04/10/2019
ID05098	0	01/10/2019
ID05100	0	11/10/2019
ID05101	0	03/10/2019
ID05102	0	06/10/2019
ID05104	0	10/10/2019
ID05105	0	10/10/2019
ID05106	0	03/10/2019
ID05109	0	05/10/2019
ID05110	1	10/10/2019
ID05111	0	03/10/2019
ID05114	0	07/10/2019
ID05115	0	11/10/2019
ID05116	0	02/10/2019
ID05118	0	13/10/2019
ID05123	1	15/10/2019
ID05124	0	09/10/2019
ID05127	0	11/10/2019
ID05129	0	14/10/2019
ID05135	0	08/10/2019
ID05136	0	09/10/2019
ID05137	0	06/10/2019
ID05138	0	02/10/2019
ID05142	0	01/10/2019
ID05146	0	14/10/2019
ID05147	0	01/10/2019
ID05151	1	07/10/2019
ID05152	0	13/10/2019
ID05154	1	07/10/2019
ID05155	0	02/10/2019
ID05156	1	12/10/2019
ID05158	0	02/10/2019
ID05160	0	04/10/2019
ID05161	0	10/10/2019
ID05162	0	02/10/2019
ID05163	0	11/10/2019
ID05165	0	07/10/2019
ID05166	0	07/10/2019
ID05168	1	15/10/2019
ID05169	0	07/10/2019
ID05171	0	09/10/2019
ID05172	1	04/10/2019
ID05173	0	08/10/2019
ID05174	0	04/10/2019
ID05176	0	04/10/2019
ID05177	0	07/10/2019
ID05178	0	03/10/2019
ID05180	0	02/10/2019
ID05181	0	09/10/2019
ID05183	0	11/10/2019
ID05184	0	02/10/2019
ID05186	0	05/10/2019
ID05189	0	10/10/2019
ID05191	0	04/10/2019
ID05194	0	02/10/2019
ID05198	0	04/10/2019
ID05199	0	08/10/2019
ID05200	0	10/10/2019
ID05202	0	02/10/2019
ID05203	0	05/10/2019
ID05204	1	12/10/2019
ID05205	0	13/10/2019
ID05206	0	11/10/2019
ID05208	0	08/10/2019
ID05210	0	12/10/2019
ID05212	0	11/10/2019
ID05213	0	02/10/2019
ID05214	0	10/10/2019
ID05218	0	11/10/2019
ID05220	0	14/10/2019
ID05221	0	08/10/2019
ID05222	0	02/10/2019
ID05223	0	11/10/2019
ID05227	0	14/10/2019
ID05228	0	09/10/2019
ID05229	0	05/10/2019
ID05230	0	02/10/2019
ID05231	0	09/10/2019
ID05233	0	03/10/2019
ID05237	0	01/10/2019
ID05238	1	05/10/2019
ID05240	0	12/10/2019
ID05241	0	03/10/2019
ID05242	1	04/10/2019
ID05248	0	01/10/2019
ID05249	0	09/10/2019
ID05252	0	08/10/2019
ID05254	0	05/10/2019
ID05256	0	08/10/2019
ID05259	0	09/10/2019
ID05260	0	01/10/2019
ID05261	0	02/10/2019
ID05265	0	10/10/2019
ID05271	0	09/10/2019
ID05272	0	08/10/2019
ID05273	0	10/10/2019
ID05274	0	09/10/2019
ID05275	0	07/10/2019
ID05279	0	01/10/2019
ID05280	0	06/10/2019
ID05287	0	05/10/2019
ID05288	0	06/10/2019
ID05289	0	08/10/2019
ID05290	0	13/10/2019
ID05291	0	10/10/2019
ID05292	0	08/10/2019
ID05293	0	11/10/2019
ID05296	1	08/10/2019
ID05297	0	10/10/2019
ID05298	0	01/10/2019
ID05299	0	12/10/2019
ID05300	0	14/10/2019
ID05303	0	04/10/2019
ID05304	1	07/10/2019
ID05307	0	02/10/2019
ID05309	0	10/10/2019
ID05310	0	03/10/2019
ID05311	0	03/10/2019
ID05313	1	14/10/2019
ID05316	0	10/10/2019
ID05317	0	02/10/2019
ID05320	0	02/10/2019
ID05322	0	09/10/2019
ID05327	0	05/10/2019
ID05328	0	13/10/2019
ID05329	0	06/10/2019
ID05330	0	09/10/2019
ID05331	0	05/10/2019
ID05332	0	07/10/2019
ID05335	0	04/10/2019
ID05340	0	07/10/2019
ID05341	1	07/10/2019
ID05342	0	01/10/2019
ID05345	0	11/10/2019
ID05346	0	08/10/2019
ID05347	0	10/10/2019
ID05352	0	10/10/2019
ID05353	0	09/10/2019
ID05354	0	01/10/2019
ID05355	0	04/10/2019
ID05356	0	11/10/2019
ID05360	0	01/10/2019
ID05361	0	05/10/2019
ID05364	0	06/10/2019
ID05365	0	09/10/2019
ID05366	0	10/10/2019
ID05367	1	07/10/2019
ID05375	0	14/10/2019
ID05376	0	05/10/2019
ID05379	0	09/10/2019
ID05381	0	08/10/2019
ID05382	0	02/10/2019
ID05383	0	08/10/2019
ID05384	0	07/10/2019
ID05386	0	06/10/2019
ID05387	0	03/10/2019
ID05389	0	04/10/2019
ID05390	0	10/10/2019
ID05393	0	12/10/2019
ID05397	0	02/10/2019
ID05398	0	06/10/2019
ID05399	0	09/10/2019
ID05401	0	14/10/2019
ID05403	0	10/10/2019
ID05404	0	09/10/2019
ID05406	0	05/10/2019
ID05410	0	03/10/2019
ID05412	0	02/10/2019
ID05414	0	09/10/2019
ID05416	0	01/10/2019
ID05419	0	05/10/2019
ID05422	0	07/10/2019
ID05423	0	07/10/2019
ID05424	0	02/10/2019
ID05426	0	08/10/2019
ID05427	0	08/10/2019
ID05428	0	12/10/2019
ID05429	1	04/10/2019
ID05430	0	12/10/2019
ID05432	0	10/10/2019
ID05433	0	11/10/2019
ID05436	1	14/10/2019
ID05437	0	01/10/2019
ID05439	0	11/10/2019
ID05442	0	09/10/2019
ID05444	0	11/10/2019
ID05445	0	06/10/2019
ID05446	0	07/10/2019
ID05448	0	14/10/2019
ID05452	0	13/10/2019
ID05453	0	14/10/2019
ID05455	0	12/10/2019
ID05456	1	12/10/2019
ID05459	0	08/10/2019
ID05460	0	01/10/2019
ID05462	0	09/10/2019
ID05463	0	06/10/2019
ID05465	0	07/10/2019
ID05466	0	10/10/2019
ID05468	0	01/10/2019
ID05469	0	06/10/2019
ID05470	0	08/10/2019
ID05471	0	09/10/2019
ID05472	0	09/10/2019
ID05476	0	09/10/2019
ID05478	0	07/10/2019
ID05480	0	10/10/2019
ID05481	0	05/10/2019
ID05483	0	14/10/2019
ID05486	0	09/10/2019
ID05487	0	03/10/2019
ID05488	0	14/10/2019
ID05489	0	07/10/2019
ID05490	0	11/10/2019
ID05492	0	14/10/2019
ID05493	0	06/10/2019
ID05494	0	02/10/2019
ID05496	0	11/10/2019
ID05501	0	10/10/2019
ID05506	1	03/10/2019
ID05507	0	12/10/2019
ID05509	0	12/10/2019
ID05512	0	02/10/2019
ID05514	1	15/10/2019
ID05515	1	03/10/2019
ID05516	1	09/10/2019
ID05517	0	10/10/2019
ID05518	0	13/10/2019
ID05520	0	02/10/2019
ID05521	0	05/10/2019
ID05522	0	14/10/2019
ID05523	0	03/10/2019
ID05524	0	07/10/2019
ID05528	1	02/10/2019
ID05530	0	10/10/2019
ID05531	0	10/10/2019
ID05532	0	02/10/2019
ID05536	0	06/10/2019
ID05537	0	14/10/2019
ID05538	0	01/10/2019
ID05539	0	13/10/2019
ID05540	0	07/10/2019
ID05541	0	11/10/2019
ID05542	0	08/10/2019
ID05543	0	09/10/2019
ID05545	1	14/10/2019
ID05547	0	11/10/2019
ID05549	0	14/10/2019
ID05550	0	06/10/2019
ID05551	0	09/10/2019
ID05553	0	02/10/2019
ID05554	0	04/10/2019
ID05555	0	01/10/2019
ID05559	0	10/10/2019
ID05560	0	11/10/2019
ID05561	0	06/10/2019
ID05564	0	01/10/2019
ID05566	0	08/10/2019
ID05569	0	01/10/2019
ID05570	0	11/10/2019
ID05571	0	12/10/2019
ID05572	0	10/10/2019
ID05574	0	11/10/2019
ID05578	0	07/10/2019
ID05585	0	12/10/2019
ID05586	1	02/10/2019
ID05587	0	05/10/2019
ID05590	0	01/10/2019
ID05591	0	04/10/2019
ID05592	0	06/10/2019
ID05594	0	02/10/2019
ID05596	0	11/10/2019
ID05597	0	12/10/2019
ID05598	0	10/10/2019
ID05599	0	14/10/2019
ID05602	0	07/10/2019
ID05604	0	11/10/2019
ID05605	0	03/10/2019
ID05609	1	04/10/2019
ID05610	0	07/10/2019
ID05611	0	02/10/2019
ID05612	0	14/10/2019
ID05613	0	09/10/2019
ID05614	0	02/10/2019
ID05615	0	01/10/2019
ID05616	0	02/10/2019
ID05617	0	03/10/2019
ID05618	0	11/10/2019
ID05619	0	10/10/2019
ID05620	0	04/10/2019
ID05622	0	01/10/2019
ID05627	0	11/10/2019
ID05630	0	14/10/2019
ID05631	0	02/10/2019
ID05632	0	05/10/2019
ID05634	0	09/10/2019
ID05635	0	06/10/2019
ID05638	0	02/10/2019
ID05639	0	11/10/2019
ID05641	0	10/10/2019
ID05647	0	03/10/2019
ID05648	0	07/10/2019
ID05649	0	03/10/2019
ID05650	0	07/10/2019
ID05651	0	11/10/2019
ID05652	0	10/10/2019
ID05653	0	08/10/2019
ID05655	0	01/10/2019
ID05656	0	11/10/2019
ID05659	0	11/10/2019
ID05660	0	12/10/2019
ID05661	0	11/10/2019
ID05662	0	03/10/2019
ID05663	0	14/10/2019
ID05664	0	08/10/2019
ID05666	0	12/10/2019
ID05669	0	13/10/2019
ID05670	0	06/10/2019
ID05672	0	07/10/2019
ID05673	0	01/10/2019
ID05676	0	12/10/2019
ID05677	0	04/10/2019
ID05678	0	10/10/2019
ID05680	0	08/10/2019
ID05681	0	03/10/2019
ID05682	0	10/10/2019
ID05683	1	03/10/2019
ID05686	0	02/10/2019
ID05687	0	03/10/2019
ID05689	0	07/10/2019
ID05690	0	14/10/2019
ID05691	0	07/10/2019
ID05692	0	05/10/2019
ID05697	0	11/10/2019
ID05699	0	07/10/2019
ID05701	0	07/10/2019
ID05702	0	05/10/2019
ID05703	0	04/10/2019
ID05704	0	03/10/2019
ID05705	0	01/10/2019
ID05707	0	04/10/2019
ID05708	0	03/10/2019
ID05709	0	05/10/2019
ID05710	0	06/10/2019
ID05715	0	02/10/2019
ID05717	0	08/10/2019
ID05718	0	12/10/2019
ID05719	0	01/10/2019
ID05721	1	10/10/2019
ID05722	0	14/10/2019
ID05723	0	04/10/2019
ID05724	0	14/10/2019
ID05725	0	03/10/2019
ID05727	0	05/10/2019
ID05729	0	06/10/2019
ID05732	0	02/10/2019
ID05733	0	06/10/2019
ID05734	0	07/10/2019
ID05739	0	08/10/2019
ID05740	0	10/10/2019
ID05741	0	02/10/2019
ID05744	0	09/10/2019
ID05746	0	09/10/2019
ID05747	0	02/10/2019
ID05748	1	05/10/2019
ID05750	0	10/10/2019
ID05751	0	06/10/2019
ID05754	0	07/10/2019
ID05757	0	14/10/2019
ID05758	0	11/10/2019
ID05760	0	14/10/2019
ID05763	0	12/10/2019
ID05764	0	09/10/2019
ID05765	1	07/10/2019
ID05766	0	02/10/2019
ID05767	0	09/10/2019
ID05773	0	05/10/2019
ID05774	0	07/10/2019
ID05776	0	09/10/2019
ID05777	0	02/10/2019
ID05778	0	04/10/2019
ID05780	0	08/10/2019
ID05781	0	12/10/2019
ID05783	0	14/10/2019
ID05784	0	09/10/2019
ID05787	0	04/10/2019
ID05790	0	06/10/2019
ID05791	0	11/10/2019
ID05792	0	04/10/2019
ID05794	0	11/10/2019
ID05797	0	07/10/2019
ID05798	0	10/10/2019
ID05799	0	12/10/2019
ID05801	0	14/10/2019
ID05802	0	01/10/2019
ID05803	0	08/10/2019
ID05806	0	09/10/2019
ID05807	0	01/10/2019
ID05808	0	08/10/2019
ID05810	1	10/10/2019
ID05813	0	02/10/2019
ID05815	0	02/10/2019
ID05816	0	07/10/2019
ID05819	0	11/10/2019
ID05823	0	10/10/2019
ID05824	0	01/10/2019
ID05825	0	05/10/2019
ID05829	0	02/10/2019
ID05830	0	11/10/2019
ID05831	0	07/10/2019
ID05832	0	08/10/2019
ID05836	0	04/10/2019
ID05838	0	07/10/2019
ID05839	0	10/10/2019
ID05840	1	12/10/2019
ID05841	0	05/10/2019
ID05843	0	07/10/2019
ID05844	0	11/10/2019
ID05845	0	01/10/2019
ID05847	1	10/10/2019
ID05852	0	06/10/2019
ID05853	0	01/10/2019
ID05854	0	12/10/2019
ID05855	0	06/10/2019
ID05857	0	05/10/2019
ID05858	1	05/10/2019
ID05860	0	05/10/2019
ID05861	0	03/10/2019
ID05864	0	12/10/2019
ID05867	0	10/10/2019
ID05870	0	09/10/2019
ID05872	0	11/10/2019
ID05875	0	13/10/2019
ID05878	0	01/10/2019
ID05879	0	14/10/2019
ID05883	0	11/10/2019
ID05884	0	08/10/2019
ID05885	0	10/10/2019
ID05886	0	09/10/2019
ID05889	0	05/10/2019
ID05890	0	04/10/2019
ID05891	0	09/10/2019
ID05892	0	03/10/2019
ID05893	0	10/10/2019
ID05894	0	04/10/2019
ID05895	0	05/10/2019
ID05896	0	11/10/2019
ID05897	0	08/10/2019
ID05898	0	01/10/2019
ID05899	0	05/10/2019
ID05900	0	07/10/2019
ID05901	0	11/10/2019
ID05902	0	14/10/2019
ID05903	0	06/10/2019
ID05904	0	10/10/2019
ID05907	0	11/10/2019
ID05908	0	01/10/2019
ID05909	0	12/10/2019
ID05911	1	02/10/2019
ID05913	0	12/10/2019
ID05915	0	06/10/2019
ID05916	0	08/10/2019
ID05918	0	12/10/2019
ID05921	0	11/10/2019
ID05922	0	07/10/2019
ID05924	0	11/10/2019
ID05925	0	11/10/2019
ID05927	0	02/10/2019
ID05928	0	11/10/2019
ID05930	0	13/10/2019
ID05931	0	13/10/2019
ID05934	0	13/10/2019
ID05935	0	01/10/2019
ID05937	0	05/10/2019
ID05938	1	11/10/2019
ID05939	0	07/10/2019
ID05940	0	08/10/2019
ID05941	0	05/10/2019
ID05942	0	05/10/2019
ID05943	0	11/10/2019
ID05944	0	01/10/2019
ID05947	0	06/10/2019
ID05948	0	08/10/2019
ID05949	0	09/10/2019
ID05950	0	03/10/2019
ID05953	0	07/10/2019
ID05956	0	10/10/2019
ID05957	0	10/10/2019
ID05959	0	08/10/2019
ID05961	0	10/10/2019
ID05962	0	07/10/2019
ID05963	0	02/10/2019
ID05965	0	06/10/2019
ID05966	0	08/10/2019
ID05971	0	07/10/2019
ID05972	0	02/10/2019
ID05973	0	06/10/2019
ID05976	0	02/10/2019
ID05979	0	04/10/2019
ID05980	0	01/10/2019
ID05981	0	03/10/2019
ID05982	0	05/10/2019
ID05983	0	14/10/2019
ID05984	0	07/10/2019
ID05985	0	05/10/2019
ID05987	0	04/10/2019
ID05989	0	12/10/2019
ID05990	0	05/10/2019
ID05992	0	02/10/2019
ID05996	0	14/10/2019
ID06001	0	10/10/2019
ID06002	0	07/10/2019
ID06004	0	14/10/2019
ID06006	0	06/10/2019
ID06007	0	06/10/2019
ID06008	0	01/10/2019
ID06010	0	02/10/2019
ID06011	0	04/10/2019
ID06015	0	14/10/2019
ID06019	0	02/10/2019
ID06020	0	08/10/2019
ID06023	0	04/10/2019
ID06024	0	06/10/2019
ID06025	0	12/10/2019
ID06026	0	09/10/2019
ID06027	0	02/10/2019
ID06028	0	09/10/2019
ID06029	0	08/10/2019
ID06031	0	07/10/2019
ID06034	0	10/10/2019
ID06035	0	13/10/2019
ID06038	0	09/10/2019
ID06039	0	08/10/2019
ID06040	0	04/10/2019
ID06041	0	08/10/2019
ID06043	1	12/10/2019
ID06045	0	12/10/2019
ID06046	0	03/10/2019
ID06047	0	14/10/2019
ID06048	0	04/10/2019
ID06049	0	12/10/2019
ID06051	0	11/10/2019
ID06053	0	08/10/2019
ID06054	0	04/10/2019
ID06057	0	02/10/2019
ID06059	0	10/10/2019
ID06060	0	01/10/2019
ID06061	0	14/10/2019
ID06064	0	03/10/2019
ID06065	0	12/10/2019
ID06066	0	11/10/2019
ID06071	0	02/10/2019
ID06073	0	03/10/2019
ID06074	0	03/10/2019
ID06076	0	13/10/2019
ID06077	0	08/10/2019
ID06078	1	09/10/2019
ID06079	0	02/10/2019
ID06086	0	09/10/2019
ID06089	0	08/10/2019
ID06090	0	13/10/2019
ID06093	0	04/10/2019
ID06094	0	14/10/2019
ID06095	0	02/10/2019
ID06098	1	07/10/2019
ID06100	0	13/10/2019
ID06102	0	05/10/2019
ID06103	0	12/10/2019
ID06104	0	06/10/2019
ID06105	0	06/10/2019
ID06107	0	10/10/2019
ID06109	0	02/10/2019
ID06111	0	08/10/2019
ID06114	0	11/10/2019
ID06118	0	02/10/2019
ID06120	0	07/10/2019
ID06121	0	10/10/2019
ID06123	0	09/10/2019
ID06125	0	04/10/2019
ID06127	0	07/10/2019
ID06129	0	03/10/2019
ID06130	0	10/10/2019
ID06133	0	12/10/2019
ID06134	0	02/10/2019
ID06135	0	10/10/2019
ID06136	0	09/10/2019
ID06137	0	07/10/2019
ID06139	0	02/10/2019
ID06143	0	07/10/2019
ID06147	0	12/10/2019
ID06148	0	06/10/2019
ID06149	0	10/10/2019
ID06151	0	08/10/2019
ID06152	0	09/10/2019
ID06153	0	01/10/2019
ID06155	0	09/10/2019
ID06156	0	05/10/2019
ID06157	0	10/10/2019
ID06158	1	02/10/2019
ID06159	1	01/10/2019
ID06160	0	05/10/2019
ID06161	0	10/10/2019
ID06162	0	13/10/2019
ID06163	0	07/10/2019
ID06164	0	07/10/2019
ID06166	0	07/10/2019
ID06170	0	06/10/2019
ID06171	0	11/10/2019
ID06172	0	06/10/2019
ID06174	0	02/10/2019
ID06175	0	04/10/2019
ID06176	0	13/10/2019
ID06179	0	04/10/2019
ID06181	0	14/10/2019
ID06183	0	08/10/2019
ID06184	0	12/10/2019
ID06185	0	07/10/2019
ID06188	0	02/10/2019
ID06191	0	07/10/2019
ID06192	1	14/10/2019
ID06193	0	01/10/2019
ID06194	0	07/10/2019
ID06195	0	04/10/2019
ID06196	0	13/10/2019
ID06197	0	04/10/2019
ID06204	0	11/10/2019
ID06206	0	12/10/2019
ID06208	0	01/10/2019
ID06212	0	11/10/2019
ID06213	0	11/10/2019
ID06214	0	14/10/2019
ID06215	0	01/10/2019
ID06217	0	08/10/2019
ID06218	0	04/10/2019
ID06219	0	03/10/2019
ID06220	0	10/10/2019
ID06226	0	04/10/2019
ID06227	0	12/10/2019
ID06228	0	03/10/2019
ID06229	0	14/10/2019
ID06230	0	06/10/2019
ID06231	0	01/10/2019
ID06232	0	07/10/2019
ID06236	0	02/10/2019
ID06237	0	13/10/2019
ID06238	0	04/10/2019
ID06240	0	14/10/2019
ID06241	0	11/10/2019
ID06242	0	04/10/2019
ID06243	0	05/10/2019
ID06246	0	09/10/2019
ID06247	0	03/10/2019
ID06249	1	01/10/2019
ID06250	0	12/10/2019
ID06251	0	09/10/2019
ID06253	0	09/10/2019
ID06254	0	03/10/2019
ID06256	0	04/10/2019
ID06258	0	11/10/2019
ID06260	0	10/10/2019
ID06261	0	08/10/2019
ID06262	0	02/10/2019
ID06263	0	09/10/2019
ID06265	0	13/10/2019
ID06266	0	06/10/2019
ID06267	0	02/10/2019
ID06268	0	09/10/2019
ID06270	0	07/10/2019
ID06271	0	01/10/2019
ID06272	0	07/10/2019
ID06273	0	02/10/2019
ID06275	0	14/10/2019
ID06276	1	04/10/2019
ID06279	0	01/10/2019
ID06280	0	07/10/2019
ID06281	0	01/10/2019
ID06284	0	09/10/2019
ID06285	0	02/10/2019
ID06286	0	09/10/2019
ID06287	0	02/10/2019
ID06288	0	11/10/2019
ID06290	0	14/10/2019
ID06292	0	12/10/2019
ID06293	0	14/10/2019
ID06294	0	11/10/2019
ID06295	0	09/10/2019
ID06298	1	09/10/2019
ID06299	0	04/10/2019
ID06300	0	06/10/2019
ID06301	1	08/10/2019
ID06302	0	05/10/2019
ID06303	1	12/10/2019
ID06304	0	10/10/2019
ID06305	0	09/10/2019
ID06308	0	08/10/2019
ID06309	0	10/10/2019
ID06310	0	09/10/2019
ID06311	0	02/10/2019
ID06315	0	14/10/2019
ID06318	0	02/10/2019
ID06319	1	12/10/2019
ID06321	0	02/10/2019
ID06322	0	10/10/2019
ID06324	0	07/10/2019
ID06325	0	03/10/2019
ID06326	0	07/10/2019
ID06327	0	07/10/2019
ID06329	0	01/10/2019
ID06330	0	12/10/2019
ID06331	0	02/10/2019
ID06332	0	02/10/2019
ID06336	0	14/10/2019
ID06337	0	13/10/2019
ID06338	0	10/10/2019
ID06339	0	10/10/2019
ID06341	0	05/10/2019
ID06344	0	10/10/2019
ID06345	0	08/10/2019
ID06346	0	09/10/2019
ID06347	0	13/10/2019
ID06350	0	07/10/2019
ID06353	0	11/10/2019
ID06354	0	09/10/2019
ID06356	0	09/10/2019
ID06357	0	09/10/2019
ID06358	0	08/10/2019
ID06359	0	05/10/2019
ID06360	0	03/10/2019
ID06365	0	08/10/2019
ID06366	0	13/10/2019
ID06368	0	13/10/2019
ID06369	0	02/10/2019
ID06371	0	10/10/2019
ID06375	0	13/10/2019
ID06381	0	12/10/2019
ID06383	0	04/10/2019
ID06384	0	03/10/2019
ID06385	0	05/10/2019
ID06388	0	09/10/2019
ID06389	0	10/10/2019
ID06390	0	08/10/2019
ID06392	0	05/10/2019
ID06393	0	13/10/2019
ID06394	0	10/10/2019
ID06395	0	14/10/2019
ID06401	0	02/10/2019
ID06402	0	08/10/2019
ID06404	0	13/10/2019
ID06407	0	08/10/2019
ID06408	0	04/10/2019
ID06409	0	02/10/2019
ID06411	0	13/10/2019
ID06412	0	06/10/2019
ID06413	0	05/10/2019
ID06414	0	04/10/2019
ID06415	0	14/10/2019
ID06416	0	05/10/2019
ID06417	0	14/10/2019
ID06419	0	05/10/2019
ID06422	0	13/10/2019
ID06423	0	01/10/2019
ID06424	0	02/10/2019
ID06425	0	10/10/2019
ID06426	0	03/10/2019
ID06427	0	02/10/2019
ID06428	0	04/10/2019
ID06429	0	01/10/2019
ID06431	0	11/10/2019
ID06433	0	02/10/2019
ID06434	0	14/10/2019
ID06435	0	14/10/2019
ID06436	0	14/10/2019
ID06437	0	06/10/2019
ID06438	0	01/10/2019
ID06444	0	03/10/2019
ID06446	0	03/10/2019
ID06447	0	01/10/2019
ID06448	0	04/10/2019
ID06449	0	05/10/2019
ID06451	0	06/10/2019
ID06454	0	05/10/2019
ID06455	0	14/10/2019
ID06456	0	10/10/2019
ID06462	0	13/10/2019
ID06463	0	12/10/2019
ID06464	0	08/10/2019
ID06465	0	11/10/2019
ID06466	0	07/10/2019
ID06467	0	05/10/2019
ID06468	0	04/10/2019
ID06469	0	07/10/2019
ID06470	0	11/10/2019
ID06472	0	11/10/2019
ID06473	0	04/10/2019
ID06474	0	05/10/2019
ID06478	0	02/10/2019
ID06479	0	14/10/2019
ID06480	0	01/10/2019
ID06481	1	05/10/2019
ID06483	0	07/10/2019
ID06485	0	12/10/2019
ID06486	0	02/10/2019
ID06488	0	07/10/2019
ID06489	1	01/10/2019
ID06490	0	06/10/2019
ID06491	1	07/10/2019
ID06492	0	07/10/2019
ID06494	0	04/10/2019
ID06495	1	03/10/2019
ID06496	0	14/10/2019
ID06497	0	04/10/2019
ID06501	0	10/10/2019
ID06502	0	02/10/2019
ID06503	0	04/10/2019
ID06510	0	08/10/2019
ID06511	0	12/10/2019
ID06516	0	10/10/2019
ID06518	0	01/10/2019
ID06523	0	08/10/2019
ID06526	0	01/10/2019
ID06527	0	08/10/2019
ID06530	0	10/10/2019
ID06531	0	03/10/2019
ID06532	0	06/10/2019
ID06533	0	05/10/2019
ID06534	0	10/10/2019
ID06536	0	09/10/2019
ID06537	0	06/10/2019
ID06540	0	14/10/2019
ID06541	0	08/10/2019
ID06543	0	11/10/2019
ID06545	0	07/10/2019
ID06552	0	09/10/2019
ID06553	0	13/10/2019
ID06554	0	10/10/2019
ID06557	0	04/10/2019
ID06559	0	02/10/2019
ID06560	0	11/10/2019
ID06562	0	01/10/2019
ID06565	0	14/10/2019
ID06566	0	07/10/2019
ID06567	0	02/10/2019
ID06568	1	01/10/2019
ID06569	0	11/10/2019
ID06570	0	09/10/2019
ID06571	0	11/10/2019
ID06572	0	13/10/2019
ID06573	0	08/10/2019
ID06574	0	07/10/2019
ID06577	0	07/10/2019
ID06578	0	07/10/2019
ID06579	0	03/10/2019
ID06581	0	10/10/2019
ID06582	0	05/10/2019
ID06584	1	15/10/2019
ID06592	0	02/10/2019
ID06593	0	01/10/2019
ID06596	0	02/10/2019
ID06597	0	04/10/2019
ID06599	0	07/10/2019
ID06601	0	12/10/2019
ID06602	0	07/10/2019
ID06606	0	07/10/2019
ID06607	0	09/10/2019
ID06608	0	05/10/2019
ID06609	0	04/10/2019
ID06610	1	12/10/2019
ID06611	0	09/10/2019
ID06612	0	11/10/2019
ID06614	0	03/10/2019
ID06615	0	10/10/2019
ID06616	0	07/10/2019
ID06622	0	03/10/2019
ID06623	0	12/10/2019
ID06626	1	14/10/2019
ID06629	0	01/10/2019
ID06630	1	07/10/2019
ID06631	1	14/10/2019
ID06632	0	12/10/2019
ID06633	0	05/10/2019
ID06636	0	02/10/2019
ID06637	0	01/10/2019
ID06640	0	08/10/2019
ID06642	1	10/10/2019
ID06644	0	13/10/2019
ID06647	0	08/10/2019
ID06651	0	02/10/2019
ID06653	0	01/10/2019
ID06654	0	01/10/2019
ID06655	0	03/10/2019
ID06656	0	10/10/2019
ID06658	0	10/10/2019
ID06661	0	03/10/2019
ID06662	0	08/10/2019
ID06663	0	07/10/2019
ID06664	0	07/10/2019
ID06665	0	01/10/2019
ID06666	1	04/10/2019
ID06667	0	04/10/2019
ID06669	0	12/10/2019
ID06672	0	12/10/2019
ID06673	0	13/10/2019
ID06674	0	02/10/2019
ID06675	0	02/10/2019
ID06676	0	01/10/2019
ID06678	0	01/10/2019
ID06679	0	11/10/2019
ID06681	0	13/10/2019
ID06685	1	07/10/2019
ID06687	0	10/10/2019
ID06688	0	04/10/2019
ID06689	0	10/10/2019
ID06690	0	10/10/2019
ID06691	1	11/10/2019
ID06693	0	06/10/2019
ID06695	0	09/10/2019
ID06696	0	08/10/2019
ID06697	1	03/10/2019
ID06700	0	14/10/2019
ID06703	0	10/10/2019
ID06704	0	14/10/2019
ID06705	0	10/10/2019
ID06709	1	05/10/2019
ID06711	0	03/10/2019
ID06713	0	04/10/2019
ID06720	0	09/10/2019
ID06722	0	13/10/2019
ID06725	0	10/10/2019
ID06727	0	07/10/2019
ID06730	0	14/10/2019
ID06731	0	08/10/2019
ID06732	0	12/10/2019
ID06734	0	03/10/2019
ID06736	0	07/10/2019
ID06737	0	06/10/2019
ID06738	0	14/10/2019
ID06740	0	04/10/2019
ID06744	0	01/10/2019
ID06746	0	02/10/2019
ID06750	0	03/10/2019
ID06751	0	01/10/2019
ID06752	0	08/10/2019
ID06753	0	10/10/2019
ID06754	0	03/10/2019
ID06755	0	05/10/2019
ID06758	0	09/10/2019
ID06760	0	10/10/2019
ID06763	0	10/10/2019
ID06765	0	12/10/2019
ID06766	0	04/10/2019
ID06769	0	04/10/2019
ID06771	0	04/10/2019
ID06772	0	12/10/2019
ID06776	0	01/10/2019
ID06777	0	06/10/2019
ID06778	0	04/10/2019
ID06782	0	14/10/2019
ID06783	0	01/10/2019
ID06788	0	05/10/2019
ID06790	0	12/10/2019
ID06792	0	06/10/2019
ID06794	0	14/10/2019
ID06796	0	11/10/2019
ID06799	0	07/10/2019
ID06800	1	09/10/2019
ID06801	0	07/10/2019
ID06803	0	12/10/2019
ID06805	0	12/10/2019
ID06806	0	04/10/2019
ID06807	0	04/10/2019
ID06808	0	04/10/2019
ID06810	0	14/10/2019
ID06811	0	05/10/2019
ID06812	0	13/10/2019
ID06814	0	11/10/2019
ID06815	0	10/10/2019
ID06820	0	11/10/2019
ID06822	0	01/10/2019
ID06823	0	01/10/2019
ID06825	0	03/10/2019
ID06826	0	08/10/2019
ID06827	0	01/10/2019
ID06828	0	01/10/2019
ID06830	0	09/10/2019
ID06831	0	08/10/2019
ID06832	0	13/10/2019
ID06833	0	06/10/2019
ID06834	0	13/10/2019
ID06835	0	03/10/2019
ID06836	0	06/10/2019
ID06837	0	09/10/2019
ID06839	0	10/10/2019
ID06840	0	14/10/2019
ID06845	0	08/10/2019
ID06847	0	02/10/2019
ID06848	0	05/10/2019
ID06849	0	09/10/2019
ID06850	0	02/10/2019
ID06852	1	14/10/2019
ID06853	0	06/10/2019
ID06860	0	09/10/2019
ID06862	0	05/10/2019
ID06863	0	12/10/2019
ID06866	0	01/10/2019
ID06867	0	03/10/2019
ID06868	0	05/10/2019
ID06870	0	13/10/2019
ID06873	0	08/10/2019
ID06876	0	07/10/2019
ID06877	1	12/10/2019
ID06880	0	01/10/2019
ID06884	0	11/10/2019
ID06885	0	12/10/2019
ID06887	1	11/10/2019
ID06888	0	02/10/2019
ID06889	0	05/10/2019
ID06891	0	13/10/2019
ID06893	0	08/10/2019
ID06894	0	05/10/2019
ID06896	0	04/10/2019
ID06898	0	03/10/2019
ID06899	0	02/10/2019
ID06900	0	12/10/2019
ID06902	0	02/10/2019
ID06903	1	07/10/2019
ID06905	0	01/10/2019
ID06906	0	10/10/2019
ID06907	0	02/10/2019
ID06908	0	11/10/2019
ID06909	0	06/10/2019
ID06912	0	09/10/2019
ID06913	0	04/10/2019
ID06914	0	10/10/2019
ID06915	0	10/10/2019
ID06917	0	06/10/2019
ID06919	0	06/10/2019
ID06920	0	11/10/2019
ID06921	0	07/10/2019
ID06922	0	13/10/2019
ID06924	0	13/10/2019
ID06925	0	12/10/2019
ID06926	0	12/10/2019
ID06927	1	04/10/2019
ID06929	0	14/10/2019
ID06930	0	11/10/2019
ID06931	0	03/10/2019
ID06932	0	06/10/2019
ID06934	0	06/10/2019
ID06935	0	02/10/2019
ID06936	0	14/10/2019
ID06937	0	08/10/2019
ID06938	0	11/10/2019
ID06939	0	14/10/2019
ID06941	0	02/10/2019
ID06943	0	10/10/2019
ID06945	0	10/10/2019
ID06948	0	09/10/2019
ID06949	0	09/10/2019
ID06950	0	10/10/2019
ID06951	0	10/10/2019
ID06952	0	08/10/2019
ID06954	0	08/10/2019
ID06955	0	07/10/2019
ID06956	0	07/10/2019
ID06957	0	04/10/2019
ID06965	0	07/10/2019
ID06967	0	14/10/2019
ID06969	0	04/10/2019
ID06970	1	09/10/2019
ID06971	0	10/10/2019
ID06973	0	02/10/2019
ID06974	0	04/10/2019
ID06975	0	14/10/2019
ID06976	0	11/10/2019
ID06978	0	11/10/2019
ID06980	0	02/10/2019
ID06981	0	02/10/2019
ID06982	0	10/10/2019
ID06984	0	09/10/2019
ID06985	0	06/10/2019
ID06986	0	09/10/2019
ID06987	0	08/10/2019
ID06988	0	01/10/2019
ID06989	0	14/10/2019
ID06990	1	07/10/2019
ID06992	0	02/10/2019
ID06993	0	08/10/2019
ID06995	1	04/10/2019
ID06996	0	13/10/2019
ID07000	0	02/10/2019
ID07002	0	09/10/2019
ID07003	0	14/10/2019
ID07005	1	05/10/2019
ID07008	0	06/10/2019
ID07011	0	01/10/2019
ID07013	0	02/10/2019
ID07015	0	02/10/2019
ID07017	0	10/10/2019
ID07018	1	04/10/2019
ID07021	0	10/10/2019
ID07022	1	07/10/2019
ID07023	0	08/10/2019
ID07024	0	09/10/2019
ID07027	0	03/10/2019
ID07028	0	11/10/2019
ID07030	1	04/10/2019
ID07031	0	12/10/2019
ID07032	0	02/10/2019
ID07033	0	13/10/2019
ID07035	0	05/10/2019
ID07036	0	09/10/2019
ID07037	0	05/10/2019
ID07038	0	02/10/2019
ID07039	0	02/10/2019
ID07040	1	04/10/2019
ID07042	0	01/10/2019
ID07043	0	03/10/2019
ID07044	0	11/10/2019
ID07045	0	08/10/2019
ID07046	0	10/10/2019
ID07048	0	08/10/2019
ID07049	1	01/10/2019
ID07050	0	12/10/2019
ID07051	0	09/10/2019
ID07053	0	01/10/2019
ID07055	0	11/10/2019
ID07058	0	10/10/2019
ID07059	0	11/10/2019
ID07062	0	01/10/2019
ID07064	0	05/10/2019
ID07065	1	01/10/2019
ID07067	0	12/10/2019
ID07068	0	02/10/2019
ID07070	0	04/10/2019
ID07071	1	08/10/2019
ID07072	0	03/10/2019
ID07073	0	09/10/2019
ID07074	0	01/10/2019
ID07077	0	14/10/2019
ID07081	0	12/10/2019
ID07082	1	07/10/2019
ID07084	0	12/10/2019
ID07087	0	08/10/2019
ID07088	1	09/10/2019
ID07091	0	12/10/2019
ID07093	0	02/10/2019
ID07094	0	13/10/2019
ID07099	1	10/10/2019
ID07100	0	03/10/2019
ID07103	0	04/10/2019
ID07104	1	10/10/2019
ID07105	0	10/10/2019
ID07109	0	08/10/2019
ID07112	0	13/10/2019
ID07113	0	13/10/2019
ID07114	1	02/10/2019
ID07115	0	05/10/2019
ID07118	0	02/10/2019
ID07119	0	08/10/2019
ID07122	0	02/10/2019
ID07123	0	04/10/2019
ID07125	0	13/10/2019
ID07127	0	05/10/2019
ID07128	0	03/10/2019
ID07131	0	10/10/2019
ID07132	0	02/10/2019
ID07137	1	05/10/2019
ID07138	0	13/10/2019
ID07142	0	11/10/2019
ID07143	0	11/10/2019
ID07144	0	01/10/2019
ID07145	0	05/10/2019
ID07146	0	02/10/2019
ID07147	0	13/10/2019
ID07150	0	01/10/2019
ID07152	0	02/10/2019
ID07153	0	11/10/2019
ID07154	0	07/10/2019
ID07155	0	02/10/2019
ID07157	0	04/10/2019
ID07160	0	11/10/2019
ID07162	0	03/10/2019
ID07163	0	13/10/2019
ID07166	0	05/10/2019
ID07167	0	12/10/2019
ID07168	0	07/10/2019
ID07169	0	08/10/2019
ID07170	1	05/10/2019
ID07171	0	06/10/2019
ID07173	0	11/10/2019
ID07174	0	05/10/2019
ID07175	0	07/10/2019
ID07177	0	09/10/2019
ID07178	0	08/10/2019
ID07180	0	09/10/2019
ID07181	0	05/10/2019
ID07182	0	08/10/2019
ID07183	0	09/10/2019
ID07184	0	03/10/2019
ID07186	0	09/10/2019
ID07188	0	11/10/2019
ID07190	1	03/10/2019
ID07191	0	08/10/2019
ID07192	0	11/10/2019
ID07194	0	07/10/2019
ID07195	0	07/10/2019
ID07196	0	10/10/2019
ID07197	0	02/10/2019
ID07198	0	14/10/2019
ID07199	0	02/10/2019
ID07200	0	10/10/2019
ID07201	1	10/10/2019
ID07205	0	01/10/2019
ID07206	0	09/10/2019
ID07208	0	07/10/2019
ID07210	0	13/10/2019
ID07212	0	04/10/2019
ID07213	0	08/10/2019
ID07216	0	10/10/2019
ID07217	0	03/10/2019
ID07220	0	01/10/2019
ID07222	0	08/10/2019
ID07223	0	13/10/2019
ID07226	0	02/10/2019
ID07227	0	02/10/2019
ID07229	0	04/10/2019
ID07230	0	11/10/2019
ID07231	0	04/10/2019
ID07233	0	05/10/2019
ID07234	0	11/10/2019
ID07235	0	04/10/2019
ID07236	0	10/10/2019
ID07237	0	08/10/2019
ID07238	0	04/10/2019
ID07239	0	13/10/2019
ID07242	0	03/10/2019
ID07243	0	11/10/2019
ID07245	0	07/10/2019
ID07246	0	12/10/2019
ID07248	0	14/10/2019
ID07251	1	03/10/2019
ID07252	0	11/10/2019
ID07253	0	11/10/2019
ID07255	0	04/10/2019
ID07256	0	13/10/2019
ID07259	0	01/10/2019
ID07262	0	11/10/2019
ID07263	0	07/10/2019
ID07264	0	02/10/2019
ID07267	0	11/10/2019
ID07268	0	10/10/2019
ID07274	0	13/10/2019
ID07276	0	11/10/2019
ID07277	0	12/10/2019
ID07279	0	07/10/2019
ID07280	0	10/10/2019
ID07281	0	03/10/2019
ID07284	0	06/10/2019
ID07285	0	14/10/2019
ID07291	0	07/10/2019
ID07292	0	13/10/2019
ID07294	1	15/10/2019
ID07295	0	14/10/2019
ID07297	0	07/10/2019
ID07300	0	03/10/2019
ID07301	0	06/10/2019
ID07302	0	02/10/2019
ID07303	0	11/10/2019
ID07304	0	14/10/2019
ID07306	0	10/10/2019
ID07307	0	12/10/2019
ID07310	1	03/10/2019
ID07312	1	01/10/2019
ID07313	0	05/10/2019
ID07316	1	09/10/2019
ID07318	0	07/10/2019
ID07319	0	08/10/2019
ID07320	0	01/10/2019
ID07321	0	11/10/2019
ID07323	0	14/10/2019
ID07324	0	10/10/2019
ID07325	0	09/10/2019
ID07326	0	09/10/2019
ID07327	0	12/10/2019
ID07328	0	03/10/2019
ID07330	0	01/10/2019
ID07332	0	13/10/2019
ID07334	0	13/10/2019
ID07335	0	11/10/2019
ID07337	0	04/10/2019
ID07338	0	08/10/2019
ID07339	0	02/10/2019
ID07341	0	10/10/2019
ID07342	0	04/10/2019
ID07344	0	10/10/2019
ID07346	0	03/10/2019
ID07348	0	05/10/2019
ID07351	0	01/10/2019
ID07352	0	09/10/2019
ID07353	0	09/10/2019
ID07355	0	05/10/2019
ID07356	0	14/10/2019
ID07357	0	14/10/2019
ID07359	0	12/10/2019
ID07361	1	07/10/2019
ID07363	0	07/10/2019
ID07364	0	11/10/2019
ID07365	1	14/10/2019
ID07366	0	03/10/2019
ID07368	0	14/10/2019
ID07369	0	10/10/2019
ID07373	0	05/10/2019
ID07374	0	05/10/2019
ID07376	0	13/10/2019
ID07377	0	07/10/2019
ID07378	0	01/10/2019
ID07379	0	02/10/2019
ID07382	0	03/10/2019
ID07384	0	08/10/2019
ID07388	0	07/10/2019
ID07390	0	13/10/2019
ID07391	0	14/10/2019
ID07392	1	04/10/2019
ID07393	0	14/10/2019
ID07394	0	11/10/2019
ID07395	1	12/10/2019
ID07396	0	07/10/2019
ID07398	0	03/10/2019
ID07399	0	07/10/2019
ID07401	0	01/10/2019
ID07402	0	01/10/2019
ID07403	0	08/10/2019
ID07404	1	10/10/2019
ID07405	1	08/10/2019
ID07408	0	12/10/2019
ID07409	0	14/10/2019
ID07410	0	03/10/2019
ID07411	1	12/10/2019
ID07412	0	14/10/2019
ID07416	0	02/10/2019
ID07418	0	13/10/2019
ID07419	0	10/10/2019
ID07420	0	04/10/2019
ID07421	0	11/10/2019
ID07422	0	04/10/2019
ID07427	0	11/10/2019
ID07429	0	07/10/2019
ID07431	0	08/10/2019
ID07432	0	01/10/2019
ID07433	0	03/10/2019
ID07434	0	05/10/2019
ID07437	0	08/10/2019
ID07438	0	03/10/2019
ID07439	0	02/10/2019
ID07442	1	01/10/2019
ID07444	0	09/10/2019
ID07445	1	10/10/2019
ID07446	0	09/10/2019
ID07448	0	01/10/2019
ID07449	0	02/10/2019
ID07452	0	14/10/2019
ID07453	0	13/10/2019
ID07454	1	07/10/2019
ID07456	0	10/10/2019
ID07458	0	02/10/2019
ID07459	0	07/10/2019
ID07460	0	05/10/2019
ID07461	0	09/10/2019
ID07464	0	07/10/2019
ID07465	0	06/10/2019
ID07468	0	04/10/2019
ID07470	0	08/10/2019
ID07473	0	14/10/2019
ID07474	0	13/10/2019
ID07475	0	13/10/2019
ID07478	0	09/10/2019
ID07479	0	12/10/2019
ID07480	0	05/10/2019
ID07483	0	11/10/2019
ID07486	0	02/10/2019
ID07488	0	10/10/2019
ID07489	0	02/10/2019
ID07492	0	03/10/2019
ID07493	0	04/10/2019
ID07495	1	04/10/2019
ID07497	0	10/10/2019
ID07498	0	13/10/2019
ID07499	0	02/10/2019
ID07500	0	14/10/2019
ID07501	0	04/10/2019
ID07503	0	08/10/2019
ID07504	0	06/10/2019
ID07505	1	15/10/2019
ID07506	0	08/10/2019
ID07509	0	11/10/2019
ID07511	0	08/10/2019
ID07512	0	07/10/2019
ID07513	0	12/10/2019
ID07514	0	06/10/2019
ID07515	0	04/10/2019
ID07517	0	09/10/2019
ID07519	0	13/10/2019
ID07520	0	08/10/2019
ID07522	0	08/10/2019
ID07523	0	07/10/2019
ID07524	0	11/10/2019
ID07525	0	11/10/2019
ID07527	0	07/10/2019
ID07530	0	12/10/2019
ID07531	0	07/10/2019
ID07532	0	09/10/2019
ID07533	0	05/10/2019
ID07534	0	09/10/2019
ID07535	0	02/10/2019
ID07537	0	02/10/2019
ID07538	0	10/10/2019
ID07539	0	11/10/2019
ID07540	0	08/10/2019
ID07542	0	12/10/2019
ID07544	0	09/10/2019
ID07548	0	14/10/2019
ID07550	0	08/10/2019
ID07551	0	10/10/2019
ID07553	0	07/10/2019
ID07554	0	07/10/2019
ID07555	0	07/10/2019
ID07559	1	02/10/2019
ID07561	0	06/10/2019
ID07562	0	02/10/2019
ID07563	0	02/10/2019
ID07565	0	12/10/2019
ID07566	0	07/10/2019
ID07568	0	13/10/2019
ID07569	0	02/10/2019
ID07571	0	14/10/2019
ID07573	0	02/10/2019
ID07575	0	09/10/2019
ID07577	0	11/10/2019
ID07579	0	08/10/2019
ID07583	1	05/10/2019
ID07584	0	09/10/2019
ID07588	0	12/10/2019
ID07590	0	14/10/2019
ID07591	0	11/10/2019
ID07592	0	06/10/2019
ID07593	0	05/10/2019
ID07600	0	02/10/2019
ID07602	0	13/10/2019
ID07606	0	07/10/2019
ID07609	0	13/10/2019
ID07610	1	04/10/2019
ID07611	0	05/10/2019
ID07612	0	02/10/2019
ID07613	0	12/10/2019
ID07616	0	04/10/2019
ID07617	0	01/10/2019
ID07620	0	02/10/2019
ID07622	0	01/10/2019
ID07623	0	13/10/2019
ID07624	0	12/10/2019
ID07626	0	06/10/2019
ID07627	0	10/10/2019
ID07628	0	02/10/2019
ID07629	0	02/10/2019
ID07630	0	11/10/2019
ID07631	0	07/10/2019
ID07632	0	04/10/2019
ID07635	0	07/10/2019
ID07638	0	03/10/2019
ID07639	0	06/10/2019
ID07640	0	14/10/2019
ID07645	0	01/10/2019
ID07646	0	11/10/2019
ID07648	1	03/10/2019
ID07652	0	10/10/2019
ID07653	0	14/10/2019
ID07654	0	11/10/2019
ID07656	0	10/10/2019
ID07658	0	09/10/2019
ID07659	1	08/10/2019
ID07660	0	09/10/2019
ID07661	0	12/10/2019
ID07662	0	13/10/2019
ID07664	0	09/10/2019
ID07667	0	07/10/2019
ID07668	0	10/10/2019
ID07670	0	14/10/2019
ID07672	1	01/10/2019
ID07673	0	05/10/2019
ID07675	0	14/10/2019
ID07676	0	05/10/2019
ID07677	0	14/10/2019
ID07679	0	07/10/2019
ID07680	0	11/10/2019
ID07681	0	10/10/2019
ID07682	1	02/10/2019
ID07683	0	10/10/2019
ID07684	1	03/10/2019
ID07686	1	14/10/2019
ID07688	0	04/10/2019
ID07689	0	01/10/2019
ID07692	0	02/10/2019
ID07694	0	07/10/2019
ID07696	0	02/10/2019
ID07697	0	07/10/2019
ID07698	0	04/10/2019
ID07699	0	12/10/2019
ID07700	0	06/10/2019
ID07701	0	08/10/2019
ID07703	0	07/10/2019
ID07704	0	14/10/2019
ID07707	0	09/10/2019
ID07708	0	12/10/2019
ID07710	1	08/10/2019
ID07711	0	11/10/2019
ID07712	0	04/10/2019
ID07713	0	01/10/2019
ID07715	0	02/10/2019
ID07716	0	12/10/2019
ID07718	0	11/10/2019
ID07721	0	14/10/2019
ID07722	1	04/10/2019
ID07723	0	13/10/2019
ID07724	0	01/10/2019
ID07725	0	12/10/2019
ID07726	0	02/10/2019
ID07727	0	01/10/2019
ID07729	0	04/10/2019
ID07730	1	01/10/2019
ID07731	0	10/10/2019
ID07734	0	13/10/2019
ID07736	0	10/10/2019
ID07737	0	06/10/2019
ID07740	0	05/10/2019
ID07745	0	01/10/2019
ID07746	0	11/10/2019
ID07748	0	01/10/2019
ID07750	0	01/10/2019
ID07751	0	04/10/2019
ID07752	1	07/10/2019
ID07754	0	11/10/2019
ID07758	0	12/10/2019
ID07759	0	02/10/2019
ID07761	0	09/10/2019
ID07762	0	10/10/2019
ID07763	0	14/10/2019
ID07765	0	04/10/2019
ID07766	0	06/10/2019
ID07768	0	05/10/2019
ID07769	0	06/10/2019
ID07770	0	09/10/2019
ID07771	0	03/10/2019
ID07772	0	09/10/2019
ID07773	0	01/10/2019
ID07774	0	12/10/2019
ID07776	1	01/10/2019
ID07777	0	14/10/2019
ID07779	0	10/10/2019
ID07780	1	04/10/2019
ID07782	0	10/10/2019
ID07783	0	08/10/2019
ID07784	0	09/10/2019
ID07785	0	11/10/2019
ID07786	0	09/10/2019
ID07788	0	11/10/2019
ID07791	0	01/10/2019
ID07793	0	03/10/2019
ID07794	0	06/10/2019
ID07797	0	13/10/2019
ID07798	0	04/10/2019
ID07799	0	11/10/2019
ID07800	0	01/10/2019
ID07801	0	03/10/2019
ID07802	0	07/10/2019
ID07803	0	12/10/2019
ID07806	0	04/10/2019
ID07810	0	02/10/2019
ID07811	0	03/10/2019
ID07812	0	12/10/2019
ID07813	0	01/10/2019
ID07815	0	11/10/2019
ID07817	0	04/10/2019
ID07819	0	08/10/2019
ID07823	1	10/10/2019
ID07824	0	02/10/2019
ID07825	0	05/10/2019
ID07826	0	07/10/2019
ID07829	0	06/10/2019
ID07830	0	14/10/2019
ID07831	0	12/10/2019
ID07833	0	08/10/2019
ID07836	0	12/10/2019
ID07837	0	05/10/2019
ID07838	0	03/10/2019
ID07839	0	03/10/2019
ID07845	0	07/10/2019
ID07846	0	10/10/2019
ID07848	0	01/10/2019
ID07849	0	01/10/2019
ID07850	0	09/10/2019
ID07854	0	02/10/2019
ID07855	0	11/10/2019
ID07857	0	12/10/2019
ID07858	0	11/10/2019
ID07860	0	07/10/2019
ID07861	1	15/10/2019
ID07863	0	08/10/2019
ID07864	0	01/10/2019
ID07865	0	06/10/2019
ID07868	0	01/10/2019
ID07869	1	11/10/2019
ID07872	1	07/10/2019
ID07873	0	05/10/2019
ID07874	0	10/10/2019
ID07876	0	13/10/2019
ID07877	0	05/10/2019
ID07879	0	11/10/2019
ID07880	0	07/10/2019
ID07882	0	11/10/2019
ID07884	0	04/10/2019
ID07888	0	02/10/2019
ID07890	0	04/10/2019
ID07891	0	01/10/2019
ID07892	1	03/10/2019
ID07894	0	10/10/2019
ID07895	0	05/10/2019
ID07896	0	01/10/2019
ID07898	0	11/10/2019
ID07899	0	14/10/2019
ID07902	0	03/10/2019
ID07903	0	06/10/2019
ID07904	0	04/10/2019
ID07906	0	07/10/2019
ID07907	0	05/10/2019
ID07908	0	10/10/2019
ID07909	0	05/10/2019
ID07910	0	05/10/2019
ID07919	0	14/10/2019
ID07920	0	14/10/2019
ID07921	0	10/10/2019
ID07922	0	03/10/2019
ID07923	1	15/10/2019
ID07925	0	12/10/2019
ID07926	0	02/10/2019
ID07928	0	08/10/2019
ID07930	0	05/10/2019
ID07931	0	01/10/2019
ID07932	0	08/10/2019
ID07933	0	10/10/2019
ID07939	0	03/10/2019
ID07940	0	05/10/2019
ID07943	0	12/10/2019
ID07947	0	10/10/2019
ID07948	0	01/10/2019
ID07952	0	06/10/2019
ID07953	0	09/10/2019
ID07954	0	01/10/2019
ID07955	0	07/10/2019
ID07956	0	09/10/2019
ID07957	0	10/10/2019
ID07958	0	08/10/2019
ID07960	0	09/10/2019
ID07961	1	12/10/2019
ID07962	0	04/10/2019
ID07963	0	01/10/2019
ID07964	0	02/10/2019
ID07965	0	13/10/2019
ID07967	0	03/10/2019
ID07969	0	06/10/2019
ID07971	0	08/10/2019
ID07973	0	07/10/2019
ID07974	0	06/10/2019
ID07976	0	10/10/2019
ID07977	0	07/10/2019
ID07978	0	12/10/2019
ID07979	0	03/10/2019
ID07980	0	05/10/2019
ID07981	0	04/10/2019
ID07982	0	06/10/2019
ID07983	0	01/10/2019
ID07984	0	02/10/2019
ID07987	0	02/10/2019
ID07989	0	13/10/2019
ID07990	0	03/10/2019
ID07991	0	02/10/2019
ID07992	0	03/10/2019
ID07993	0	07/10/2019
ID07994	0	14/10/2019
ID07996	0	09/10/2019
ID07997	0	02/10/2019
ID07998	0	03/10/2019
ID07999	0	07/10/2019
ID08000	0	02/10/2019
ID08004	0	11/10/2019
ID08006	0	11/10/2019
ID08007	0	04/10/2019
ID08008	0	10/10/2019
ID08013	0	14/10/2019
ID08014	1	01/10/2019
ID08016	0	05/10/2019
ID08017	0	02/10/2019
ID08018	0	13/10/2019
ID08020	0	06/10/2019
ID08022	0	01/10/2019
ID08026	0	06/10/2019
ID08028	1	07/10/2019
ID08029	0	04/10/2019
ID08030	0	08/10/2019
ID08031	0	09/10/2019
ID08032	0	03/10/2019
ID08033	0	07/10/2019
ID08034	0	14/10/2019
ID08035	0	11/10/2019
ID08036	0	10/10/2019
ID08037	0	01/10/2019
ID08038	0	02/10/2019
ID08039	0	13/10/2019
ID08040	0	04/10/2019
ID08041	0	10/10/2019
ID08043	0	09/10/2019
ID08044	0	09/10/2019
ID08045	0	07/10/2019
ID08046	0	08/10/2019
ID08048	0	14/10/2019
ID08049	0	01/10/2019
ID08052	0	10/10/2019
ID08054	0	08/10/2019
ID08058	0	04/10/2019
ID08063	0	09/10/2019
ID08064	0	09/10/2019
ID08065	0	03/10/2019
ID08067	0	11/10/2019
ID08068	0	06/10/2019
ID08069	1	12/10/2019
ID08070	0	08/10/2019
ID08073	0	04/10/2019
ID08074	0	02/10/2019
ID08076	1	01/10/2019
ID08077	0	03/10/2019
ID08083	0	02/10/2019
ID08085	0	08/10/2019
ID08089	0	09/10/2019
ID08091	0	06/10/2019
ID08092	0	14/10/2019
ID08094	0	01/10/2019
ID08095	0	11/10/2019
ID08097	0	06/10/2019
ID08098	0	13/10/2019
ID08099	0	12/10/2019
ID08100	0	03/10/2019
ID08101	0	06/10/2019
ID08102	1	09/10/2019
ID08103	0	12/10/2019
ID08105	0	06/10/2019
ID08107	0	11/10/2019
ID08108	0	05/10/2019
ID08109	0	01/10/2019
ID08112	0	09/10/2019
ID08113	1	01/10/2019
ID08114	0	02/10/2019
ID08116	0	07/10/2019
ID08117	0	07/10/2019
ID08118	0	12/10/2019
ID08119	0	10/10/2019
ID08121	0	06/10/2019
ID08122	0	03/10/2019
ID08123	0	11/10/2019
ID08124	0	03/10/2019
ID08125	0	14/10/2019
ID08126	0	01/10/2019
ID08127	0	09/10/2019
ID08128	0	10/10/2019
ID08129	0	02/10/2019
ID08130	0	02/10/2019
ID08131	1	10/10/2019
ID08132	0	03/10/2019
ID08133	0	07/10/2019
ID08134	0	01/10/2019
ID08135	0	01/10/2019
ID08136	0	07/10/2019
ID08138	0	01/10/2019
ID08139	0	12/10/2019
ID08141	0	13/10/2019
ID08142	0	10/10/2019
ID08143	0	14/10/2019
ID08146	0	06/10/2019
ID08147	0	08/10/2019
ID08148	1	14/10/2019
ID08151	0	02/10/2019
ID08152	0	10/10/2019
ID08153	0	13/10/2019
ID08154	0	01/10/2019
ID08155	0	07/10/2019
ID08156	0	05/10/2019
ID08160	0	12/10/2019
ID08161	1	10/10/2019
ID08162	0	13/10/2019
ID08164	1	09/10/2019
ID08165	0	03/10/2019
ID08166	0	08/10/2019
ID08169	0	13/10/2019
ID08171	0	01/10/2019
ID08174	0	09/10/2019
ID08175	0	05/10/2019
ID08177	0	11/10/2019
ID08178	0	02/10/2019
ID08180	0	04/10/2019
ID08181	0	04/10/2019
ID08183	0	04/10/2019
ID08185	0	03/10/2019
ID08186	0	07/10/2019
ID08190	0	01/10/2019
ID08192	0	10/10/2019
ID08193	0	14/10/2019
ID08196	0	04/10/2019
ID08200	0	01/10/2019
ID08201	0	09/10/2019
ID08202	0	09/10/2019
ID08203	0	14/10/2019
ID08204	0	06/10/2019
ID08206	0	14/10/2019
ID08207	0	14/10/2019
ID08208	0	04/10/2019
ID08211	0	12/10/2019
ID08215	0	09/10/2019
ID08216	0	02/10/2019
ID08218	0	01/10/2019
ID08219	1	04/10/2019
ID08220	0	03/10/2019
ID08223	0	11/10/2019
ID08227	0	14/10/2019
ID08228	0	14/10/2019
ID08229	0	12/10/2019
ID08230	0	06/10/2019
ID08231	0	07/10/2019
ID08233	0	14/10/2019
ID08235	0	09/10/2019
ID08236	0	01/10/2019
ID08237	0	10/10/2019
ID08238	0	07/10/2019
ID08239	0	02/10/2019
ID08240	0	10/10/2019
ID08241	0	04/10/2019
ID08244	0	12/10/2019
ID08246	0	05/10/2019
ID08247	0	09/10/2019
ID08248	0	09/10/2019
ID08249	0	06/10/2019
ID08252	0	07/10/2019
ID08253	0	03/10/2019
ID08254	0	07/10/2019
ID08255	0	11/10/2019
ID08256	0	04/10/2019
ID08257	0	13/10/2019
ID08258	1	14/10/2019
ID08260	0	03/10/2019
ID08261	0	01/10/2019
ID08263	0	07/10/2019
ID08265	1	08/10/2019
ID08267	0	02/10/2019
ID08268	0	13/10/2019
ID08269	0	04/10/2019
ID08270	0	02/10/2019
ID08271	0	07/10/2019
ID08272	0	02/10/2019
ID08274	0	06/10/2019
ID08275	0	10/10/2019
ID08277	0	11/10/2019
ID08278	0	10/10/2019
ID08279	0	05/10/2019
ID08281	0	12/10/2019
ID08283	0	06/10/2019
ID08284	0	08/10/2019
ID08288	0	07/10/2019
ID08289	0	01/10/2019
ID08291	0	11/10/2019
ID08292	0	02/10/2019
ID08293	0	13/10/2019
ID08295	0	02/10/2019
ID08297	0	10/10/2019
ID08300	0	13/10/2019
ID08302	0	09/10/2019
ID08303	0	05/10/2019
ID08304	0	09/10/2019
ID08305	0	08/10/2019
ID08308	0	02/10/2019
ID08311	0	08/10/2019
ID08313	0	14/10/2019
ID08314	0	11/10/2019
ID08318	0	06/10/2019
ID08319	0	04/10/2019
ID08321	0	07/10/2019
ID08323	0	12/10/2019
ID08324	1	09/10/2019
ID08326	0	01/10/2019
ID08327	0	12/10/2019
ID08328	0	01/10/2019
ID08329	0	02/10/2019
ID08332	0	09/10/2019
ID08334	0	07/10/2019
ID08335	0	08/10/2019
ID08336	0	07/10/2019
ID08338	0	10/10/2019
ID08340	0	11/10/2019
ID08343	0	02/10/2019
ID08346	0	08/10/2019
ID08348	0	02/10/2019
ID08352	0	09/10/2019
ID08353	0	06/10/2019
ID08355	0	14/10/2019
ID08356	1	05/10/2019
ID08358	0	03/10/2019
ID08362	0	03/10/2019
ID08365	1	15/10/2019
ID08366	0	02/10/2019
ID08367	0	14/10/2019
ID08369	0	04/10/2019
ID08370	0	13/10/2019
ID08374	0	05/10/2019
ID08378	0	02/10/2019
ID08379	0	02/10/2019
ID08384	0	07/10/2019
ID08385	0	04/10/2019
ID08386	0	07/10/2019
ID08388	0	12/10/2019
ID08390	0	11/10/2019
ID08395	0	08/10/2019
ID08396	0	09/10/2019
ID08397	0	12/10/2019
ID08398	0	05/10/2019
ID08399	0	11/10/2019
ID08400	0	02/10/2019
ID08401	0	09/10/2019
ID08402	0	07/10/2019
ID08404	1	04/10/2019
ID08405	0	01/10/2019
ID08407	0	02/10/2019
ID08408	0	10/10/2019
ID08409	0	14/10/2019
ID08410	0	01/10/2019
ID08411	0	07/10/2019
ID08412	0	11/10/2019
ID08413	0	13/10/2019
ID08415	0	08/10/2019
ID08416	0	12/10/2019
ID08417	0	06/10/2019
ID08419	0	02/10/2019
ID08421	0	10/10/2019
ID08422	0	01/10/2019
ID08423	1	12/10/2019
ID08425	1	05/10/2019
ID08426	0	01/10/2019
ID08428	0	10/10/2019
ID08429	0	10/10/2019
ID08430	0	10/10/2019
ID08432	1	07/10/2019
ID08433	0	10/10/2019
ID08435	0	02/10/2019
ID08436	0	03/10/2019
ID08438	0	04/10/2019
ID08439	1	10/10/2019
ID08441	0	08/10/2019
ID08443	0	04/10/2019
ID08444	0	13/10/2019
ID08445	0	05/10/2019
ID08446	0	02/10/2019
ID08447	0	09/10/2019
ID08448	0	14/10/2019
ID08449	0	08/10/2019
ID08452	0	06/10/2019
ID08455	0	03/10/2019
ID08458	1	04/10/2019
ID08465	0	14/10/2019
ID08468	0	11/10/2019
ID08470	1	10/10/2019
ID08471	0	04/10/2019
ID08472	0	13/10/2019
ID08473	0	07/10/2019
ID08477	0	10/10/2019
ID08481	0	08/10/2019
ID08482	0	11/10/2019
ID08483	0	03/10/2019
ID08484	0	09/10/2019
ID08485	0	05/10/2019
ID08487	0	01/10/2019
ID08488	0	01/10/2019
ID08489	0	06/10/2019
ID08490	0	11/10/2019
ID08491	0	14/10/2019
ID08493	0	07/10/2019
ID08495	0	08/10/2019
ID08496	0	12/10/2019
ID08497	0	09/10/2019
ID08498	0	09/10/2019
ID08507	0	10/10/2019
ID08508	0	10/10/2019
ID08509	0	09/10/2019
ID08510	0	02/10/2019
ID08511	0	08/10/2019
ID08512	0	01/10/2019
ID08515	0	11/10/2019
ID08516	0	05/10/2019
ID08517	0	14/10/2019
ID08520	0	13/10/2019
ID08524	0	14/10/2019
ID08525	0	09/10/2019
ID08526	0	03/10/2019
ID08528	1	10/10/2019
ID08529	0	12/10/2019
ID08530	0	10/10/2019
ID08532	0	10/10/2019
ID08533	0	11/10/2019
ID08534	0	02/10/2019
ID08535	0	08/10/2019
ID08536	0	09/10/2019
ID08538	0	08/10/2019
ID08539	1	01/10/2019
ID08541	0	10/10/2019
ID08542	0	06/10/2019
ID08543	0	09/10/2019
ID08544	0	10/10/2019
ID08546	1	05/10/2019
ID08549	0	02/10/2019
ID08551	0	12/10/2019
ID08552	0	04/10/2019
ID08556	0	07/10/2019
ID08557	0	02/10/2019
ID08560	0	03/10/2019
ID08562	0	02/10/2019
ID08563	0	01/10/2019
ID08565	0	05/10/2019
ID08566	0	11/10/2019
ID08567	0	10/10/2019
ID08569	0	01/10/2019
ID08570	0	10/10/2019
ID08571	0	14/10/2019
ID08572	0	10/10/2019
ID08573	0	09/10/2019
ID08574	0	13/10/2019
ID08575	0	04/10/2019
ID08576	0	01/10/2019
ID08577	0	03/10/2019
ID08578	0	12/10/2019
ID08583	0	08/10/2019
ID08584	0	13/10/2019
ID08585	0	06/10/2019
ID08586	0	06/10/2019
ID08587	0	14/10/2019
ID08589	0	10/10/2019
ID08592	0	12/10/2019
ID08594	0	03/10/2019
ID08595	0	01/10/2019
ID08596	0	11/10/2019
ID08598	0	02/10/2019
ID08599	0	14/10/2019
ID08601	0	04/10/2019
ID08603	0	04/10/2019
ID08604	0	14/10/2019
ID08607	0	10/10/2019
ID08608	0	03/10/2019
ID08609	0	11/10/2019
ID08611	0	14/10/2019
ID08613	0	07/10/2019
ID08614	0	09/10/2019
ID08615	0	14/10/2019
ID08617	0	08/10/2019
ID08620	1	12/10/2019
ID08621	0	07/10/2019
ID08622	0	08/10/2019
ID08624	1	07/10/2019
ID08626	0	13/10/2019
ID08629	0	04/10/2019
ID08630	0	06/10/2019
ID08632	0	08/10/2019
ID08634	0	02/10/2019
ID08635	0	14/10/2019
ID08638	0	14/10/2019
ID08639	0	07/10/2019
ID08640	0	01/10/2019
ID08641	0	12/10/2019
ID08642	0	10/10/2019
ID08643	0	13/10/2019
ID08645	0	12/10/2019
ID08646	0	01/10/2019
ID08647	1	07/10/2019
ID08648	0	12/10/2019
ID08649	0	09/10/2019
ID08650	0	11/10/2019
ID08654	0	02/10/2019
ID08658	0	13/10/2019
ID08659	0	02/10/2019
ID08662	0	13/10/2019
ID08664	1	10/10/2019
ID08665	0	08/10/2019
ID08668	0	11/10/2019
ID08669	0	01/10/2019
ID08671	0	01/10/2019
ID08672	0	04/10/2019
ID08673	0	08/10/2019
ID08676	0	02/10/2019
ID08677	0	13/10/2019
ID08678	0	10/10/2019
ID08680	0	13/10/2019
ID08681	0	13/10/2019
ID08684	0	09/10/2019
ID08685	0	04/10/2019
ID08686	0	01/10/2019
ID08687	0	09/10/2019
ID08688	0	11/10/2019
ID08689	0	12/10/2019
ID08690	0	12/10/2019
ID08691	0	10/10/2019
ID08694	0	07/10/2019
ID08695	0	09/10/2019
ID08697	1	02/10/2019
ID08698	0	12/10/2019
ID08699	0	08/10/2019
ID08701	0	02/10/2019
ID08703	0	04/10/2019
ID08704	0	11/10/2019
ID08705	0	07/10/2019
ID08706	0	11/10/2019
ID08707	0	03/10/2019
ID08709	0	06/10/2019
ID08710	0	04/10/2019
ID08712	0	12/10/2019
ID08714	0	14/10/2019
ID08715	0	04/10/2019
ID08720	1	14/10/2019
ID08721	0	07/10/2019
ID08722	0	03/10/2019
ID08724	0	13/10/2019
ID08726	0	05/10/2019
ID08729	0	13/10/2019
ID08730	1	12/10/2019
ID08731	0	13/10/2019
ID08732	0	12/10/2019
ID08734	0	12/10/2019
ID08736	0	04/10/2019
ID08737	0	04/10/2019
ID08741	0	12/10/2019
ID08745	0	08/10/2019
ID08750	0	14/10/2019
ID08751	0	01/10/2019
ID08752	0	04/10/2019
ID08753	0	03/10/2019
ID08754	0	12/10/2019
ID08755	0	10/10/2019
ID08756	0	04/10/2019
ID08758	0	01/10/2019
ID08759	0	09/10/2019
ID08760	0	11/10/2019
ID08761	0	14/10/2019
ID08763	0	05/10/2019
ID08764	0	02/10/2019
ID08766	0	07/10/2019
ID08772	0	07/10/2019
ID08775	0	07/10/2019
ID08776	0	10/10/2019
ID08778	0	04/10/2019
ID08779	0	01/10/2019
ID08780	0	06/10/2019
ID08781	0	01/10/2019
ID08782	0	08/10/2019
ID08783	0	13/10/2019
ID08786	1	10/10/2019
ID08787	0	05/10/2019
ID08790	0	14/10/2019
ID08792	0	10/10/2019
ID08795	0	14/10/2019
ID08796	0	02/10/2019
ID08797	0	11/10/2019
ID08799	0	07/10/2019
ID08800	0	11/10/2019
ID08804	0	02/10/2019
ID08805	0	01/10/2019
ID08806	0	09/10/2019
ID08808	0	13/10/2019
ID08809	0	06/10/2019
ID08810	0	04/10/2019
ID08812	0	02/10/2019
ID08814	0	02/10/2019
ID08815	0	08/10/2019
ID08816	0	12/10/2019
ID08817	0	01/10/2019
ID08818	0	12/10/2019
ID08820	0	07/10/2019
ID08822	0	02/10/2019
ID08823	0	08/10/2019
ID08824	0	06/10/2019
ID08826	1	04/10/2019
ID08828	0	07/10/2019
ID08830	0	08/10/2019
ID08831	0	08/10/2019
ID08832	0	08/10/2019
ID08833	0	03/10/2019
ID08834	0	04/10/2019
ID08835	0	04/10/2019
ID08836	0	07/10/2019
ID08837	0	05/10/2019
ID08840	0	08/10/2019
ID08841	1	04/10/2019
ID08842	0	10/10/2019
ID08843	0	07/10/2019
ID08844	0	12/10/2019
ID08845	0	07/10/2019
ID08846	0	12/10/2019
ID08849	0	14/10/2019
ID08850	0	07/10/2019
ID08852	0	01/10/2019
ID08853	1	10/10/2019
ID08854	0	12/10/2019
ID08855	0	05/10/2019
ID08856	0	05/10/2019
ID08857	0	06/10/2019
ID08859	0	12/10/2019
ID08861	0	09/10/2019
ID08862	0	08/10/2019
ID08863	0	11/10/2019
ID08864	0	11/10/2019
ID08865	0	06/10/2019
ID08868	0	07/10/2019
ID08871	0	10/10/2019
ID08872	0	05/10/2019
ID08873	0	11/10/2019
ID08875	0	13/10/2019
ID08879	1	07/10/2019
ID08888	0	10/10/2019
ID08889	0	14/10/2019
ID08894	0	11/10/2019
ID08896	0	09/10/2019
ID08900	0	14/10/2019
ID08903	0	02/10/2019
ID08904	0	12/10/2019
ID08905	0	08/10/2019
ID08907	0	04/10/2019
ID08908	0	09/10/2019
ID08910	0	14/10/2019
ID08911	0	03/10/2019
ID08913	0	06/10/2019
ID08914	0	07/10/2019
ID08915	0	08/10/2019
ID08917	0	12/10/2019
ID08918	0	10/10/2019
ID08920	0	04/10/2019
ID08921	0	02/10/2019
ID08923	0	04/10/2019
ID08925	1	07/10/2019
ID08930	0	05/10/2019
ID08931	0	12/10/2019
ID08932	0	04/10/2019
ID08933	0	06/10/2019
ID08935	0	07/10/2019
ID08936	0	12/10/2019
ID08937	0	12/10/2019
ID08938	0	07/10/2019
ID08939	0	12/10/2019
ID08943	0	01/10/2019
ID08945	0	05/10/2019
ID08946	0	13/10/2019
ID08948	0	04/10/2019
ID08950	0	02/10/2019
ID08951	0	07/10/2019
ID08952	0	14/10/2019
ID08956	0	03/10/2019
ID08958	0	01/10/2019
ID08960	0	07/10/2019
ID08961	0	10/10/2019
ID08962	0	02/10/2019
ID08964	0	09/10/2019
ID08967	0	02/10/2019
ID08968	1	14/10/2019
ID08971	0	14/10/2019
ID08972	0	07/10/2019
ID08973	0	02/10/2019
ID08974	0	14/10/2019
ID08976	0	11/10/2019
ID08978	0	04/10/2019
ID08979	0	10/10/2019
ID08982	0	12/10/2019
ID08986	0	09/10/2019
ID08987	0	12/10/2019
ID08989	0	14/10/2019
ID08990	0	05/10/2019
ID08991	0	07/10/2019
ID08995	0	14/10/2019
ID08996	0	03/10/2019
ID08997	0	08/10/2019
ID09001	0	06/10/2019
ID09006	0	06/10/2019
ID09008	0	10/10/2019
ID09009	0	09/10/2019
ID09010	0	14/10/2019
ID09012	0	14/10/2019
ID09013	1	03/10/2019
ID09014	0	02/10/2019
ID09017	1	14/10/2019
ID09019	0	11/10/2019
ID09020	0	05/10/2019
ID09021	0	07/10/2019
ID09023	0	03/10/2019
ID09024	0	10/10/2019
ID09025	0	09/10/2019
ID09026	0	13/10/2019
ID09027	1	04/10/2019
ID09028	0	13/10/2019
ID09029	0	11/10/2019
ID09030	0	09/10/2019
ID09033	1	10/10/2019
ID09035	0	05/10/2019
ID09037	0	09/10/2019
ID09038	0	03/10/2019
ID09041	0	11/10/2019
ID09043	0	14/10/2019
ID09046	0	03/10/2019
ID09048	0	14/10/2019
ID09049	1	04/10/2019
ID09050	1	07/10/2019
ID09051	0	03/10/2019
ID09056	0	10/10/2019
ID09057	0	06/10/2019
ID09058	0	04/10/2019
ID09062	0	05/10/2019
ID09063	0	11/10/2019
ID09064	1	12/10/2019
ID09065	0	07/10/2019
ID09068	0	01/10/2019
ID09070	0	01/10/2019
ID09071	0	02/10/2019
ID09074	0	06/10/2019
ID09079	0	02/10/2019
ID09080	0	02/10/2019
ID09082	0	13/10/2019
ID09083	0	03/10/2019
ID09084	0	05/10/2019
ID09085	0	12/10/2019
ID09086	0	05/10/2019
ID09087	0	03/10/2019
ID09089	0	10/10/2019
ID09094	1	02/10/2019
ID09096	0	05/10/2019
ID09099	0	05/10/2019
ID09101	0	10/10/2019
ID09102	0	13/10/2019
ID09104	1	14/10/2019
ID09105	0	03/10/2019
ID09107	0	14/10/2019
ID09108	0	08/10/2019
ID09111	0	02/10/2019
ID09112	0	05/10/2019
ID09114	0	13/10/2019
ID09115	0	05/10/2019
ID09116	0	04/10/2019
ID09117	0	08/10/2019
ID09119	0	12/10/2019
ID09120	1	01/10/2019
ID09122	0	06/10/2019
ID09123	0	09/10/2019
ID09127	0	02/10/2019
ID09128	1	10/10/2019
ID09129	0	01/10/2019
ID09130	0	04/10/2019
ID09132	0	04/10/2019
ID09133	0	12/10/2019
ID09135	0	03/10/2019
ID09139	1	10/10/2019
ID09140	0	07/10/2019
ID09142	0	11/10/2019
ID09146	0	10/10/2019
ID09151	1	04/10/2019
ID09152	0	04/10/2019
ID09160	0	13/10/2019
ID09161	0	04/10/2019
ID09162	0	08/10/2019
ID09163	0	01/10/2019
ID09165	0	14/10/2019
ID09166	0	14/10/2019
ID09167	0	02/10/2019
ID09169	0	07/10/2019
ID09171	0	13/10/2019
ID09175	0	11/10/2019
ID09177	0	10/10/2019
ID09178	0	05/10/2019
ID09179	0	09/10/2019
ID09180	0	10/10/2019
ID09183	0	05/10/2019
ID09184	0	12/10/2019
ID09185	0	12/10/2019
ID09186	0	11/10/2019
ID09187	0	03/10/2019
ID09188	0	13/10/2019
ID09190	0	05/10/2019
ID09196	0	13/10/2019
ID09199	0	09/10/2019
ID09202	0	04/10/2019
ID09204	0	11/10/2019
ID09206	0	10/10/2019
ID09207	0	03/10/2019
ID09208	0	03/10/2019
ID09209	0	07/10/2019
ID09211	0	12/10/2019
ID09212	0	14/10/2019
ID09216	0	09/10/2019
ID09217	0	10/10/2019
ID09218	0	10/10/2019
ID09219	0	10/10/2019
ID09224	0	02/10/2019
ID09226	0	14/10/2019
ID09227	0	09/10/2019
ID09228	1	02/10/2019
ID09229	0	09/10/2019
ID09231	0	07/10/2019
ID09232	0	01/10/2019
ID09235	0	07/10/2019
ID09237	0	03/10/2019
ID09238	0	11/10/2019
ID09239	0	05/10/2019
ID09240	0	04/10/2019
ID09243	0	07/10/2019
ID09244	0	14/10/2019
ID09245	0	07/10/2019
ID09246	0	03/10/2019
ID09249	0	09/10/2019
ID09251	0	06/10/2019
ID09252	0	13/10/2019
ID09253	0	07/10/2019
ID09255	0	11/10/2019
ID09259	0	03/10/2019
ID09260	1	11/10/2019
ID09261	0	07/10/2019
ID09262	0	09/10/2019
ID09263	0	06/10/2019
ID09264	0	01/10/2019
ID09265	0	14/10/2019
ID09266	0	14/10/2019
ID09270	0	08/10/2019
ID09272	0	03/10/2019
ID09274	0	06/10/2019
ID09277	0	02/10/2019
ID09278	0	01/10/2019
ID09280	1	15/10/2019
ID09281	0	10/10/2019
ID09282	1	10/10/2019
ID09283	0	08/10/2019
ID09285	1	07/10/2019
ID09286	0	14/10/2019
ID09289	0	14/10/2019
ID09290	0	02/10/2019
ID09292	0	14/10/2019
ID09294	0	08/10/2019
ID09296	0	02/10/2019
ID09297	0	12/10/2019
ID09299	0	04/10/2019
ID09301	0	08/10/2019
ID09302	0	03/10/2019
ID09305	0	14/10/2019
ID09306	0	02/10/2019
ID09308	0	08/10/2019
ID09309	0	10/10/2019
ID09310	0	02/10/2019
ID09311	0	05/10/2019
ID09313	0	02/10/2019
ID09315	0	10/10/2019
ID09317	0	09/10/2019
ID09320	0	13/10/2019
ID09321	0	05/10/2019
ID09322	0	07/10/2019
ID09323	0	10/10/2019
ID09325	0	08/10/2019
ID09326	0	03/10/2019
ID09328	0	02/10/2019
ID09330	0	02/10/2019
ID09331	0	06/10/2019
ID09334	0	04/10/2019
ID09335	0	08/10/2019
ID09336	0	11/10/2019
ID09341	0	14/10/2019
ID09342	0	14/10/2019
ID09343	0	02/10/2019
ID09344	0	11/10/2019
ID09345	0	01/10/2019
ID09347	0	02/10/2019
ID09348	0	12/10/2019
ID09349	0	11/10/2019
ID09350	0	07/10/2019
ID09351	1	11/10/2019
ID09352	0	08/10/2019
ID09355	0	02/10/2019
ID09356	1	07/10/2019
ID09358	0	06/10/2019
ID09362	0	12/10/2019
ID09363	0	14/10/2019
ID09364	0	14/10/2019
ID09367	0	09/10/2019
ID09369	0	05/10/2019
ID09371	1	07/10/2019
ID09372	0	01/10/2019
ID09373	1	15/10/2019
ID09374	0	08/10/2019
ID09376	0	08/10/2019
ID09379	0	12/10/2019
ID09380	0	11/10/2019
ID09384	0	10/10/2019
ID09386	1	04/10/2019
ID09388	0	07/10/2019
ID09389	0	01/10/2019
ID09393	0	11/10/2019
ID09396	0	03/10/2019
ID09398	0	02/10/2019
ID09400	0	03/10/2019
ID09402	0	14/10/2019
ID09404	0	01/10/2019
ID09406	0	07/10/2019
ID09407	0	02/10/2019
ID09408	1	05/10/2019
ID09410	0	11/10/2019
ID09411	0	07/10/2019
ID09415	0	02/10/2019
ID09418	0	03/10/2019
ID09419	0	04/10/2019
ID09420	0	08/10/2019
ID09421	1	01/10/2019
ID09423	0	03/10/2019
ID09425	0	02/10/2019
ID09426	0	10/10/2019
ID09430	1	14/10/2019
ID09432	0	06/10/2019
ID09434	0	01/10/2019
ID09438	0	01/10/2019
ID09440	0	04/10/2019
ID09441	0	14/10/2019
ID09444	0	12/10/2019
ID09445	1	05/10/2019
ID09450	0	10/10/2019
ID09451	0	08/10/2019
ID09452	1	14/10/2019
ID09454	0	11/10/2019
ID09455	0	10/10/2019
ID09456	0	10/10/2019
ID09457	0	13/10/2019
ID09460	0	10/10/2019
ID09464	1	01/10/2019
ID09470	0	14/10/2019
ID09471	0	04/10/2019
ID09475	0	06/10/2019
ID09477	0	02/10/2019
ID09478	0	14/10/2019
ID09480	0	14/10/2019
ID09481	0	01/10/2019
ID09482	0	02/10/2019
ID09484	0	09/10/2019
ID09485	0	14/10/2019
ID09486	1	12/10/2019
ID09490	0	04/10/2019
ID09491	0	04/10/2019
ID09492	0	11/10/2019
ID09496	1	05/10/2019
ID09498	0	11/10/2019
ID09503	1	07/10/2019
ID09504	0	03/10/2019
ID09505	0	14/10/2019
ID09506	0	05/10/2019
ID09507	0	09/10/2019
ID09510	0	05/10/2019
ID09511	0	02/10/2019
ID09512	0	05/10/2019
ID09513	0	05/10/2019
ID09515	0	10/10/2019
ID09517	0	11/10/2019
ID09519	0	02/10/2019
ID09520	0	02/10/2019
ID09523	0	09/10/2019
ID09524	1	08/10/2019
ID09526	0	13/10/2019
ID09528	0	07/10/2019
ID09535	0	04/10/2019
ID09536	0	11/10/2019
ID09538	0	13/10/2019
ID09539	0	03/10/2019
ID09540	0	02/10/2019
ID09542	1	09/10/2019
ID09544	0	01/10/2019
ID09545	0	06/10/2019
ID09548	0	14/10/2019
ID09549	1	04/10/2019
ID09553	1	04/10/2019
ID09554	0	09/10/2019
ID09557	0	14/10/2019
ID09558	0	08/10/2019
ID09559	0	06/10/2019
ID09561	0	13/10/2019
ID09562	0	14/10/2019
ID09563	0	06/10/2019
ID09564	0	14/10/2019
ID09565	0	03/10/2019
ID09566	0	11/10/2019
ID09568	0	02/10/2019
ID09569	0	09/10/2019
ID09570	0	02/10/2019
ID09572	0	10/10/2019
ID09573	0	03/10/2019
ID09574	0	01/10/2019
ID09575	0	10/10/2019
ID09576	1	12/10/2019
ID09577	0	10/10/2019
ID09578	0	08/10/2019
ID09580	0	08/10/2019
ID09581	0	05/10/2019
ID09583	0	11/10/2019
ID09586	0	04/10/2019
ID09587	0	07/10/2019
ID09589	0	02/10/2019
ID09594	0	02/10/2019
ID09595	0	14/10/2019
ID09596	0	08/10/2019
ID09597	0	12/10/2019
ID09600	0	10/10/2019
ID09603	0	10/10/2019
ID09604	0	06/10/2019
ID09605	0	01/10/2019
ID09606	0	05/10/2019
ID09608	0	01/10/2019
ID09609	0	02/10/2019
ID09611	0	07/10/2019
ID09612	0	13/10/2019
ID09613	0	06/10/2019
ID09616	0	07/10/2019
ID09617	0	02/10/2019
ID09621	1	01/10/2019
ID09622	0	10/10/2019
ID09623	0	03/10/2019
ID09624	0	09/10/2019
ID09625	0	04/10/2019
ID09627	0	06/10/2019
ID09629	0	01/10/2019
ID09630	0	09/10/2019
ID09631	0	12/10/2019
ID09632	0	02/10/2019
ID09633	0	14/10/2019
ID09634	0	09/10/2019
ID09638	0	14/10/2019
ID09639	0	02/10/2019
ID09644	0	08/10/2019
ID09645	0	11/10/2019
ID09646	0	07/10/2019
ID09648	0	09/10/2019
ID09652	1	08/10/2019
ID09653	0	08/10/2019
ID09654	0	06/10/2019
ID09656	0	02/10/2019
ID09661	0	10/10/2019
ID09663	0	03/10/2019
ID09664	0	14/10/2019
ID09665	0	09/10/2019
ID09666	0	05/10/2019
ID09667	0	11/10/2019
ID09669	0	11/10/2019
ID09670	0	11/10/2019
ID09674	0	05/10/2019
ID09675	0	10/10/2019
ID09676	0	06/10/2019
ID09677	0	13/10/2019
ID09678	1	11/10/2019
ID09679	1	03/10/2019
ID09680	0	12/10/2019
ID09682	1	08/10/2019
ID09683	0	04/10/2019
ID09684	0	02/10/2019
ID09685	0	12/10/2019
ID09686	0	01/10/2019
ID09689	0	05/10/2019
ID09690	0	02/10/2019
ID09692	0	02/10/2019
ID09694	0	11/10/2019
ID09696	0	13/10/2019
ID09697	0	13/10/2019
ID09699	0	06/10/2019
ID09700	0	09/10/2019
ID09703	0	08/10/2019
ID09705	0	07/10/2019
ID09706	0	11/10/2019
ID09707	0	07/10/2019
ID09708	0	03/10/2019
ID09710	0	10/10/2019
ID09713	0	02/10/2019
ID09714	0	02/10/2019
ID09715	0	12/10/2019
ID09716	0	13/10/2019
ID09721	0	12/10/2019
ID09722	0	11/10/2019
ID09723	0	11/10/2019
ID09724	0	14/10/2019
ID09727	0	04/10/2019
ID09728	0	13/10/2019
ID09732	0	10/10/2019
ID09733	0	11/10/2019
ID09734	0	10/10/2019
ID09735	0	01/10/2019
ID09736	0	07/10/2019
ID09737	0	11/10/2019
ID09738	0	11/10/2019
ID09740	0	07/10/2019
ID09741	0	07/10/2019
ID09743	0	12/10/2019
ID09744	0	01/10/2019
ID09745	0	10/10/2019
ID09746	0	13/10/2019
ID09747	0	03/10/2019
ID09748	0	01/10/2019
ID09752	0	06/10/2019
ID09754	0	11/10/2019
ID09755	0	08/10/2019
ID09756	0	12/10/2019
ID09758	0	09/10/2019
ID09760	0	04/10/2019
ID09762	0	06/10/2019
ID09763	0	13/10/2019
ID09764	0	06/10/2019
ID09765	0	06/10/2019
ID09766	0	02/10/2019
ID09767	0	04/10/2019
ID09770	0	14/10/2019
ID09771	0	01/10/2019
ID09772	0	10/10/2019
ID09775	0	02/10/2019
ID09776	0	03/10/2019
ID09777	0	02/10/2019
ID09779	1	15/10/2019
ID09780	0	01/10/2019
ID09783	0	07/10/2019
ID09785	0	07/10/2019
ID09786	0	06/10/2019
ID09788	0	12/10/2019
ID09790	0	09/10/2019
ID09792	0	08/10/2019
ID09794	0	10/10/2019
ID09796	0	08/10/2019
ID09797	0	05/10/2019
ID09798	1	04/10/2019
ID09799	0	14/10/2019
ID09800	0	13/10/2019
ID09801	0	01/10/2019
ID09802	0	05/10/2019
ID09803	1	14/10/2019
ID09804	0	02/10/2019
ID09805	0	04/10/2019
ID09807	0	02/10/2019
ID09808	0	08/10/2019
ID09811	0	02/10/2019
ID09812	0	08/10/2019
ID09814	0	04/10/2019
ID09816	1	15/10/2019
ID09819	0	12/10/2019
ID09820	0	01/10/2019
ID09823	0	08/10/2019
ID09824	0	01/10/2019
ID09825	0	01/10/2019
ID09826	0	03/10/2019
ID09827	0	02/10/2019
ID09828	0	03/10/2019
ID09829	0	02/10/2019
ID09830	0	08/10/2019
ID09833	0	10/10/2019
ID09835	0	02/10/2019
ID09837	0	12/10/2019
ID09840	0	09/10/2019
ID09842	0	02/10/2019
ID09845	1	07/10/2019
ID09847	0	10/10/2019
ID09850	0	09/10/2019
ID09851	0	01/10/2019
ID09852	1	08/10/2019
ID09853	0	01/10/2019
ID09854	0	01/10/2019
ID09855	0	12/10/2019
ID09856	1	14/10/2019
ID09857	0	01/10/2019
ID09858	0	07/10/2019
ID09860	0	14/10/2019
ID09862	0	01/10/2019
ID09863	0	04/10/2019
ID09867	0	02/10/2019
ID09869	0	05/10/2019
ID09870	0	11/10/2019
ID09872	1	11/10/2019
ID09873	0	14/10/2019
ID09874	0	14/10/2019
ID09876	0	08/10/2019
ID09877	0	01/10/2019
ID09878	0	14/10/2019
ID09879	0	02/10/2019
ID09880	0	05/10/2019
ID09881	0	09/10/2019
ID09883	0	08/10/2019
ID09884	0	04/10/2019
ID09885	1	09/10/2019
ID09887	0	03/10/2019
ID09888	0	06/10/2019
ID09892	1	01/10/2019
ID09893	0	02/10/2019
ID09894	0	02/10/2019
ID09895	0	12/10/2019
ID09896	0	11/10/2019
ID09897	0	04/10/2019
ID09898	0	04/10/2019
ID09899	1	10/10/2019
ID09902	1	10/10/2019
ID09903	0	02/10/2019
ID09904	0	12/10/2019
ID09905	0	14/10/2019
ID09908	0	02/10/2019
ID09909	0	04/10/2019
ID09911	0	02/10/2019
ID09914	0	04/10/2019
ID09916	0	08/10/2019
ID09917	0	04/10/2019
ID09918	0	11/10/2019
ID09921	0	05/10/2019
ID09923	0	07/10/2019
ID09924	0	06/10/2019
ID09925	0	10/10/2019
ID09927	0	08/10/2019
ID09930	0	06/10/2019
ID09932	0	01/10/2019
ID09935	1	02/10/2019
ID09936	0	10/10/2019
ID09938	0	14/10/2019
ID09939	0	03/10/2019
ID09940	0	11/10/2019
ID09942	0	07/10/2019
ID09944	0	07/10/2019
ID09945	0	14/10/2019
ID09947	0	13/10/2019
ID09948	0	13/10/2019
ID09949	1	10/10/2019
ID09952	0	07/10/2019
ID09953	0	12/10/2019
ID09956	0	07/10/2019
ID09958	0	03/10/2019
ID09959	0	14/10/2019
ID09961	1	07/10/2019
ID09964	0	10/10/2019
ID09965	0	12/10/2019
ID09966	0	11/10/2019
ID09968	0	09/10/2019
ID09969	0	09/10/2019
ID09970	0	02/10/2019
ID09974	0	04/10/2019
ID09975	0	02/10/2019
ID09976	0	07/10/2019
ID09978	0	02/10/2019
ID09979	0	06/10/2019
ID09981	0	11/10/2019
ID09983	0	05/10/2019
ID09984	1	14/10/2019
ID09987	0	06/10/2019
ID09988	0	01/10/2019
ID09992	0	07/10/2019
ID09993	0	05/10/2019
ID09996	0	11/10/2019
ID09997	0	09/10/2019
ID09999	0	12/10/2019
ID10000	0	12/10/2019
ID10003	0	04/10/2019
ID10006	1	04/10/2019
ID10009	0	06/10/2019
ID10010	0	09/10/2019
ID10014	0	03/10/2019
ID10015	0	09/10/2019
ID10017	0	01/10/2019
ID10018	0	07/10/2019
ID10019	0	03/10/2019
ID10020	0	03/10/2019
ID10021	0	07/10/2019
ID10022	0	07/10/2019
ID10023	0	01/10/2019
ID10024	0	08/10/2019
ID10025	0	13/10/2019
ID10029	0	14/10/2019
ID10033	0	04/10/2019
ID10036	0	12/10/2019
ID10037	1	07/10/2019
ID10038	0	14/10/2019
ID10039	0	14/10/2019
ID10040	0	14/10/2019
ID10042	0	11/10/2019
ID10043	1	10/10/2019
ID10044	0	05/10/2019
ID10047	0	11/10/2019
ID10050	1	09/10/2019
ID10051	0	03/10/2019
ID10054	0	10/10/2019
ID10055	0	05/10/2019
ID10056	0	11/10/2019
ID10057	0	11/10/2019
ID10059	0	08/10/2019
ID10060	0	11/10/2019
ID10062	0	09/10/2019
ID10063	0	10/10/2019
ID10065	1	07/10/2019
ID10066	0	07/10/2019
ID10067	0	01/10/2019
ID10071	0	01/10/2019
ID10072	0	11/10/2019
ID10073	0	05/10/2019
ID10074	0	04/10/2019
ID10075	1	07/10/2019
ID10076	0	08/10/2019
ID10077	0	01/10/2019
ID10078	0	11/10/2019
ID10080	0	05/10/2019
ID10082	0	05/10/2019
ID10083	0	12/10/2019
ID10084	0	08/10/2019
ID10088	0	11/10/2019
ID10089	0	11/10/2019
ID10090	0	14/10/2019
ID10092	1	08/10/2019
ID10095	0	02/10/2019
ID10098	0	08/10/2019
ID10099	0	11/10/2019
ID10100	0	11/10/2019
ID10101	0	04/10/2019
ID10102	0	11/10/2019
ID10108	0	10/10/2019
ID10109	0	07/10/2019
ID10111	0	12/10/2019
ID10112	0	13/10/2019
ID10113	0	01/10/2019
ID10114	0	07/10/2019
ID10117	0	04/10/2019
ID10121	0	12/10/2019
ID10122	0	12/10/2019
ID10123	0	06/10/2019
ID10124	0	01/10/2019
ID10125	0	14/10/2019
ID10127	0	11/10/2019
ID10128	0	13/10/2019
ID10129	0	02/10/2019
ID10130	0	02/10/2019
ID10131	0	11/10/2019
ID10132	0	07/10/2019
ID10133	0	04/10/2019
ID10134	0	11/10/2019
ID10136	0	08/10/2019
ID10137	0	04/10/2019
ID10138	0	04/10/2019
ID10139	0	14/10/2019
ID10141	0	01/10/2019
ID10142	0	08/10/2019
ID10148	0	14/10/2019
ID10153	0	14/10/2019
ID10154	0	01/10/2019
ID10158	1	12/10/2019
ID10161	0	12/10/2019
ID10162	0	12/10/2019
ID10164	0	14/10/2019
ID10165	0	05/10/2019
ID10166	0	07/10/2019
ID10167	0	09/10/2019
ID10170	0	11/10/2019
ID10172	0	10/10/2019
ID10176	0	10/10/2019
ID10177	0	08/10/2019
ID10178	0	06/10/2019
ID10180	1	03/10/2019
ID10181	0	09/10/2019
ID10182	0	05/10/2019
ID10183	0	01/10/2019
ID10184	0	11/10/2019
ID10185	0	02/10/2019
ID10187	0	04/10/2019
ID10188	0	07/10/2019
ID10189	0	01/10/2019
ID10190	0	01/10/2019
ID10191	0	07/10/2019
ID10192	0	04/10/2019
ID10193	0	07/10/2019
ID10195	0	12/10/2019
ID10197	0	13/10/2019
ID10198	0	06/10/2019
ID10199	0	02/10/2019
ID10200	0	07/10/2019
ID10201	0	06/10/2019
ID10204	0	01/10/2019
ID10206	0	01/10/2019
ID10208	0	02/10/2019
ID10209	0	07/10/2019
ID10210	0	01/10/2019
ID10213	0	13/10/2019
ID10215	0	04/10/2019
ID10216	0	13/10/2019
ID10218	0	04/10/2019
ID10220	0	04/10/2019
ID10222	0	08/10/2019
ID10225	0	10/10/2019
ID10226	0	08/10/2019
ID10227	0	02/10/2019
ID10230	0	01/10/2019
ID10232	0	03/10/2019
ID10233	0	01/10/2019
ID10235	0	05/10/2019
ID10236	0	03/10/2019
ID10238	0	01/10/2019
ID10239	0	13/10/2019
ID10240	0	10/10/2019
ID10241	0	05/10/2019
ID10242	0	02/10/2019
ID10244	0	02/10/2019
ID10245	0	01/10/2019
ID10247	0	09/10/2019
ID10249	0	03/10/2019
ID10250	0	01/10/2019
ID10255	0	09/10/2019
ID10259	0	04/10/2019
ID10260	0	08/10/2019
ID10263	1	01/10/2019
ID10265	0	11/10/2019
ID10266	0	11/10/2019
ID10267	0	01/10/2019
ID10268	0	11/10/2019
ID10270	0	01/10/2019
ID10272	0	10/10/2019
ID10273	0	13/10/2019
ID10275	0	05/10/2019
ID10277	0	03/10/2019
ID10278	0	10/10/2019
ID10279	0	01/10/2019
ID10281	0	01/10/2019
ID10282	0	03/10/2019
ID10286	0	06/10/2019
ID10287	0	02/10/2019
ID10288	0	06/10/2019
ID10291	0	08/10/2019
ID10293	0	05/10/2019
ID10296	1	05/10/2019
ID10299	0	07/10/2019
ID10300	0	11/10/2019
ID10302	1	04/10/2019
ID10305	0	08/10/2019
ID10306	0	08/10/2019
ID10309	0	08/10/2019
ID10311	0	02/10/2019
ID10315	0	02/10/2019
ID10316	0	05/10/2019
ID10318	0	12/10/2019
ID10322	0	14/10/2019
ID10323	0	04/10/2019
ID10325	0	03/10/2019
ID10326	0	01/10/2019
ID10327	0	03/10/2019
ID10328	0	11/10/2019
ID10329	1	07/10/2019
ID10331	0	03/10/2019
ID10337	0	13/10/2019
ID10339	0	07/10/2019
ID10341	0	10/10/2019
ID10344	0	01/10/2019
ID10346	0	07/10/2019
ID10347	0	09/10/2019
ID10349	0	13/10/2019
ID10351	0	07/10/2019
ID10352	0	06/10/2019
ID10353	0	01/10/2019
ID10358	0	08/10/2019
ID10360	0	07/10/2019
ID10361	0	11/10/2019
ID10362	0	10/10/2019
ID10363	0	01/10/2019
ID10365	0	08/10/2019
ID10366	0	10/10/2019
ID10367	0	07/10/2019
ID10368	0	11/10/2019
ID10369	0	04/10/2019
ID10373	0	07/10/2019
ID10374	0	05/10/2019
ID10375	0	08/10/2019
ID10379	0	11/10/2019
ID10381	0	02/10/2019
ID10388	0	05/10/2019
ID10389	0	02/10/2019
ID10391	0	02/10/2019
ID10396	0	01/10/2019
ID10397	0	01/10/2019
ID10399	1	12/10/2019
ID10400	0	13/10/2019
ID10401	1	10/10/2019
ID10402	0	06/10/2019
ID10404	0	09/10/2019
ID10405	0	09/10/2019
ID10406	1	04/10/2019
ID10407	0	12/10/2019
ID10408	0	08/10/2019
ID10409	0	04/10/2019
ID10410	0	03/10/2019
ID10415	0	01/10/2019
ID10419	0	06/10/2019
ID10420	0	07/10/2019
ID10423	0	01/10/2019
ID10426	0	06/10/2019
ID10428	0	11/10/2019
ID10430	0	11/10/2019
ID10432	0	09/10/2019
ID10433	0	14/10/2019
ID10439	0	02/10/2019
ID10440	0	05/10/2019
ID10442	0	14/10/2019
ID10443	1	14/10/2019
ID10444	0	14/10/2019
ID10448	0	10/10/2019
ID10450	0	09/10/2019
ID10451	0	13/10/2019
ID10455	1	07/10/2019
ID10457	0	12/10/2019
ID10458	0	13/10/2019
ID10460	0	10/10/2019
ID10462	0	09/10/2019
ID10464	0	02/10/2019
ID10465	0	05/10/2019
ID10466	0	09/10/2019
ID10468	0	08/10/2019
ID10470	0	01/10/2019
ID10471	0	05/10/2019
ID10474	0	07/10/2019
ID10475	0	05/10/2019
ID10476	0	02/10/2019
ID10477	0	04/10/2019
ID10478	0	14/10/2019
ID10480	0	06/10/2019
ID10482	0	08/10/2019
ID10484	0	14/10/2019
ID10485	0	05/10/2019
ID10486	0	05/10/2019
ID10487	0	02/10/2019
ID10488	1	07/10/2019
ID10490	0	01/10/2019
ID10492	0	09/10/2019
ID10493	0	07/10/2019
ID10495	1	09/10/2019
ID10498	1	10/10/2019
ID10499	0	02/10/2019
ID10502	0	04/10/2019
ID10504	0	12/10/2019
ID10507	0	10/10/2019
ID10509	0	14/10/2019
ID10512	0	11/10/2019
ID10516	1	12/10/2019
ID10519	0	02/10/2019
ID10521	0	11/10/2019
ID10522	0	03/10/2019
ID10523	0	03/10/2019
ID10524	0	08/10/2019
ID10530	0	12/10/2019
ID10531	1	12/10/2019
ID10532	0	05/10/2019
ID10534	0	07/10/2019
ID10535	0	02/10/2019
ID10536	0	12/10/2019
ID10537	0	08/10/2019
ID10538	0	14/10/2019
ID10540	0	08/10/2019
ID10541	0	10/10/2019
ID10544	0	02/10/2019
ID10545	0	02/10/2019
ID10546	0	09/10/2019
ID10548	0	02/10/2019
ID10549	1	10/10/2019
ID10551	0	04/10/2019
ID10552	0	01/10/2019
ID10553	0	08/10/2019
ID10554	0	13/10/2019
ID10555	0	07/10/2019
ID10556	1	12/10/2019
ID10557	1	10/10/2019
ID10558	0	14/10/2019
ID10559	1	08/10/2019
ID10560	0	12/10/2019
ID10562	1	10/10/2019
ID10565	0	03/10/2019
ID10567	0	01/10/2019
ID10568	0	07/10/2019
ID10570	0	02/10/2019
ID10572	0	02/10/2019
ID10573	0	05/10/2019
ID10577	0	10/10/2019
ID10579	0	06/10/2019
ID10580	0	07/10/2019
ID10582	0	07/10/2019
ID10584	0	03/10/2019
ID10586	0	06/10/2019
ID10587	0	01/10/2019
ID10588	0	09/10/2019
ID10591	0	05/10/2019
ID10597	0	11/10/2019
ID10598	0	10/10/2019
ID10599	0	11/10/2019
ID10601	0	07/10/2019
ID10602	0	10/10/2019
ID10603	0	14/10/2019
ID10606	0	06/10/2019
ID10607	0	14/10/2019
ID10609	0	11/10/2019
ID10610	0	14/10/2019
ID10611	0	09/10/2019
ID10612	0	07/10/2019
ID10614	1	05/10/2019
ID10616	0	10/10/2019
ID10617	0	11/10/2019
ID10618	0	12/10/2019
ID10619	0	11/10/2019
ID10621	0	10/10/2019
ID10623	0	02/10/2019
ID10624	0	04/10/2019
ID10625	0	09/10/2019
ID10627	0	10/10/2019
ID10628	0	02/10/2019
ID10629	0	08/10/2019
ID10630	0	12/10/2019
ID10634	0	14/10/2019
ID10637	1	04/10/2019
ID10638	0	06/10/2019
ID10640	0	07/10/2019
ID10642	0	14/10/2019
ID10643	0	10/10/2019
ID10644	0	09/10/2019
ID10646	0	04/10/2019
ID10647	0	04/10/2019
ID10650	0	05/10/2019
ID10652	0	14/10/2019
ID10653	0	05/10/2019
ID10656	0	05/10/2019
ID10658	0	11/10/2019
ID10659	0	01/10/2019
ID10660	0	02/10/2019
ID10663	0	04/10/2019
ID10664	0	08/10/2019
ID10666	0	13/10/2019
ID10668	0	12/10/2019
ID10670	0	12/10/2019
ID10671	0	08/10/2019
ID10672	0	01/10/2019
ID10674	0	11/10/2019
ID10675	0	05/10/2019
ID10676	0	10/10/2019
ID10677	1	03/10/2019
ID10678	0	08/10/2019
ID10680	0	09/10/2019
ID10681	0	04/10/2019
ID10683	0	12/10/2019
ID10685	0	13/10/2019
ID10686	0	12/10/2019
ID10689	0	09/10/2019
ID10690	0	04/10/2019
ID10696	0	10/10/2019
ID10698	0	07/10/2019
ID10699	0	08/10/2019
ID10700	0	01/10/2019
ID10701	0	06/10/2019
ID10702	0	06/10/2019
ID10703	0	05/10/2019
ID10705	0	11/10/2019
ID10706	0	10/10/2019
ID10708	0	01/10/2019
ID10710	0	07/10/2019
ID10711	1	14/10/2019
ID10712	0	05/10/2019
ID10713	0	02/10/2019
ID10715	0	14/10/2019
ID10718	0	10/10/2019
ID10723	0	03/10/2019
ID10727	0	04/10/2019
ID10730	0	03/10/2019
ID10731	0	14/10/2019
ID10734	0	01/10/2019
ID10736	1	08/10/2019
ID10737	0	01/10/2019
ID10738	0	14/10/2019
ID10739	1	10/10/2019
ID10741	0	02/10/2019
ID10742	0	12/10/2019
ID10743	0	10/10/2019
ID10744	0	02/10/2019
ID10745	0	07/10/2019
ID10746	0	02/10/2019
ID10747	0	09/10/2019
ID10749	0	11/10/2019
ID10751	0	14/10/2019
ID10753	1	14/10/2019
ID10755	0	07/10/2019
ID10756	0	01/10/2019
ID10758	0	13/10/2019
ID10760	0	06/10/2019
ID10761	0	01/10/2019
ID10762	0	11/10/2019
ID10763	0	11/10/2019
ID10764	0	09/10/2019
ID10765	0	08/10/2019
ID10766	0	08/10/2019
ID10767	0	09/10/2019
ID10768	1	05/10/2019
ID10770	0	05/10/2019
ID10771	0	09/10/2019
ID10774	0	11/10/2019
ID10775	0	04/10/2019
ID10776	0	10/10/2019
ID10777	0	14/10/2019
ID10778	0	08/10/2019
ID10779	0	12/10/2019
ID10781	0	06/10/2019
ID10782	0	02/10/2019
ID10786	0	08/10/2019
ID10787	0	04/10/2019
ID10788	0	14/10/2019
ID10790	0	09/10/2019
ID10791	0	06/10/2019
ID10792	0	09/10/2019
ID10794	0	01/10/2019
ID10795	0	08/10/2019
ID10796	0	08/10/2019
ID10798	0	04/10/2019
ID10799	0	08/10/2019
ID10800	1	05/10/2019
ID10802	1	03/10/2019
ID10804	0	10/10/2019
ID10805	0	07/10/2019
ID10806	0	11/10/2019
ID10809	0	06/10/2019
ID10810	0	07/10/2019
ID10811	0	07/10/2019
ID10813	1	11/10/2019
ID10815	0	11/10/2019
ID10816	0	01/10/2019
ID10817	0	06/10/2019
ID10819	0	10/10/2019
ID10821	0	14/10/2019
ID10822	0	01/10/2019
ID10823	0	08/10/2019
ID10824	0	02/10/2019
ID10826	0	03/10/2019
ID10828	0	08/10/2019
ID10830	0	12/10/2019
ID10832	0	12/10/2019
ID10833	0	04/10/2019
ID10834	0	11/10/2019
ID10835	0	03/10/2019
ID10838	0	11/10/2019
ID10839	0	10/10/2019
ID10841	0	12/10/2019
ID10844	0	13/10/2019
ID10845	0	02/10/2019
ID10846	0	14/10/2019
ID10847	0	08/10/2019
ID10849	0	14/10/2019
ID10853	0	11/10/2019
ID10854	0	10/10/2019
ID10855	0	04/10/2019
ID10856	0	10/10/2019
ID10858	1	02/10/2019
ID10859	0	12/10/2019
ID10860	0	09/10/2019
ID10861	0	06/10/2019
ID10863	0	03/10/2019
ID10865	0	05/10/2019
ID10866	0	09/10/2019
ID10868	1	03/10/2019
ID10870	0	03/10/2019
ID10871	0	06/10/2019
ID10872	0	09/10/2019
ID10874	0	01/10/2019
ID10875	0	03/10/2019
ID10876	0	08/10/2019
ID10877	0	11/10/2019
ID10879	0	06/10/2019
ID10881	0	04/10/2019
ID10883	0	09/10/2019
ID10885	0	02/10/2019
ID10887	0	09/10/2019
ID10888	0	04/10/2019
ID10889	1	12/10/2019
ID10891	0	09/10/2019
ID10892	0	10/10/2019
ID10898	0	01/10/2019
ID10899	0	07/10/2019
ID10900	0	10/10/2019
ID10901	0	10/10/2019
ID10902	0	04/10/2019
ID10904	0	11/10/2019
ID10905	0	06/10/2019
ID10906	0	13/10/2019
ID10910	0	12/10/2019
ID10912	0	10/10/2019
ID10915	0	01/10/2019
ID10916	1	14/10/2019
ID10919	0	12/10/2019
ID10920	1	01/10/2019
ID10922	1	14/10/2019
ID10923	0	14/10/2019
ID10925	0	03/10/2019
ID10929	0	04/10/2019
ID10930	1	08/10/2019
ID10932	0	05/10/2019
ID10934	0	04/10/2019
ID10937	0	09/10/2019
ID10938	0	02/10/2019
ID10939	0	03/10/2019
ID10940	0	10/10/2019
ID10942	0	14/10/2019
ID10944	0	08/10/2019
ID10948	0	09/10/2019
ID10949	0	03/10/2019
ID10950	0	04/10/2019
ID10951	0	06/10/2019
ID10952	0	10/10/2019
ID10953	0	10/10/2019
ID10954	1	07/10/2019
ID10955	0	02/10/2019
ID10958	0	13/10/2019
ID10959	0	11/10/2019
ID10960	0	11/10/2019
ID10961	0	03/10/2019
ID10963	0	07/10/2019
ID10964	0	14/10/2019
ID10965	0	13/10/2019
ID10970	0	12/10/2019
ID10971	0	09/10/2019
ID10973	0	11/10/2019
ID10974	0	02/10/2019
ID10975	0	02/10/2019
ID10979	0	10/10/2019
ID10983	0	05/10/2019
ID10987	0	10/10/2019
ID10990	0	07/10/2019
ID10992	0	11/10/2019
ID10993	0	10/10/2019
ID10994	0	08/10/2019
ID10995	0	08/10/2019
ID10996	0	05/10/2019
ID10998	1	03/10/2019
ID10999	0	05/10/2019
ID11002	0	08/10/2019
ID11004	0	14/10/2019
ID11005	0	04/10/2019
ID11006	0	11/10/2019
ID11008	1	14/10/2019
ID11009	0	06/10/2019
ID11010	0	12/10/2019
ID11012	0	04/10/2019
ID11013	0	12/10/2019
ID11014	0	06/10/2019
ID11016	0	12/10/2019
ID11019	0	02/10/2019
ID11021	0	05/10/2019
ID11023	0	03/10/2019
ID11026	0	04/10/2019
ID11027	0	11/10/2019
ID11030	0	10/10/2019
ID11031	0	02/10/2019
ID11032	0	04/10/2019
ID11033	0	14/10/2019
ID11034	0	02/10/2019
ID11035	0	07/10/2019
ID11036	0	12/10/2019
ID11039	0	04/10/2019
ID11040	1	04/10/2019
ID11041	0	03/10/2019
ID11042	0	13/10/2019
ID11044	0	08/10/2019
ID11046	0	09/10/2019
ID11047	0	02/10/2019
ID11048	0	11/10/2019
ID11050	0	01/10/2019
ID11052	0	05/10/2019
ID11053	0	02/10/2019
ID11055	0	07/10/2019
ID11056	0	02/10/2019
ID11057	0	05/10/2019
ID11058	0	09/10/2019
ID11060	0	05/10/2019
ID11061	0	07/10/2019
ID11064	0	14/10/2019
ID11065	0	07/10/2019
ID11070	0	05/10/2019
ID11071	0	09/10/2019
ID11072	1	10/10/2019
ID11073	0	05/10/2019
ID11076	0	01/10/2019
ID11079	0	11/10/2019
ID11081	0	04/10/2019
ID11083	0	09/10/2019
ID11084	0	12/10/2019
ID11085	1	07/10/2019
ID11087	1	03/10/2019
ID11088	0	05/10/2019
ID11089	0	04/10/2019
ID11090	0	12/10/2019
ID11092	0	09/10/2019
ID11094	0	01/10/2019
ID11096	0	14/10/2019
ID11097	0	14/10/2019
ID11100	0	04/10/2019
ID11101	0	10/10/2019
ID11103	0	14/10/2019
ID11104	0	01/10/2019
ID11105	0	05/10/2019
ID11108	0	03/10/2019
ID11109	0	14/10/2019
ID11110	0	02/10/2019
ID11111	0	14/10/2019
ID11112	0	11/10/2019
ID11114	0	01/10/2019
ID11115	0	14/10/2019
ID11118	0	12/10/2019
ID11121	0	05/10/2019
ID11122	0	11/10/2019
ID11125	0	04/10/2019
ID11126	0	12/10/2019
ID11127	0	03/10/2019
ID11130	0	09/10/2019
ID11131	0	01/10/2019
ID11132	0	07/10/2019
ID11133	1	14/10/2019
ID11134	0	14/10/2019
ID11135	0	03/10/2019
ID11136	0	08/10/2019
ID11137	0	04/10/2019
ID11139	0	07/10/2019
ID11140	0	01/10/2019
ID11143	0	09/10/2019
ID11144	0	02/10/2019
ID11146	0	12/10/2019
ID11147	0	07/10/2019
ID11149	1	03/10/2019
ID11151	0	12/10/2019
ID11152	0	06/10/2019
ID11153	0	09/10/2019
ID11156	0	12/10/2019
ID11157	0	08/10/2019
ID11158	0	09/10/2019
ID11159	0	01/10/2019
ID11160	0	05/10/2019
ID11161	0	08/10/2019
ID11162	0	04/10/2019
ID11163	0	08/10/2019
ID11165	0	14/10/2019
ID11166	0	14/10/2019
ID11168	0	02/10/2019
ID11172	0	01/10/2019
ID11174	0	01/10/2019
ID11175	0	06/10/2019
ID11177	0	02/10/2019
ID11178	0	06/10/2019
ID11179	0	14/10/2019
ID11181	1	10/10/2019
ID11182	0	07/10/2019
ID11183	0	04/10/2019
ID11184	0	04/10/2019
ID11185	0	08/10/2019
ID11186	0	05/10/2019
ID11187	0	12/10/2019
ID11191	0	01/10/2019
ID11192	1	08/10/2019
ID11196	0	07/10/2019
ID11197	0	10/10/2019
ID11198	0	02/10/2019
ID11199	0	11/10/2019
ID11200	1	11/10/2019
ID11201	0	13/10/2019
ID11203	0	05/10/2019
ID11205	0	02/10/2019
ID11206	1	04/10/2019
ID11208	0	09/10/2019
ID11209	0	08/10/2019
ID11211	0	14/10/2019
ID11212	0	02/10/2019
ID11213	0	04/10/2019
ID11214	0	03/10/2019
ID11215	0	12/10/2019
ID11216	0	12/10/2019
ID11219	0	14/10/2019
ID11220	0	14/10/2019
ID11222	0	07/10/2019
ID11223	0	08/10/2019
ID11225	0	11/10/2019
ID11226	0	01/10/2019
ID11227	0	07/10/2019
ID11230	0	05/10/2019
ID11232	1	10/10/2019
ID11234	0	05/10/2019
ID11235	0	12/10/2019
ID11237	0	02/10/2019
ID11238	0	04/10/2019
ID11240	0	03/10/2019
ID11241	0	12/10/2019
ID11242	0	13/10/2019
ID11244	1	14/10/2019
ID11245	0	14/10/2019
ID11248	0	10/10/2019
ID11249	0	05/10/2019
ID11251	0	09/10/2019
ID11252	0	01/10/2019
ID11253	1	07/10/2019
ID11254	1	12/10/2019
ID11255	0	08/10/2019
ID11256	0	05/10/2019
ID11257	0	07/10/2019
ID11258	0	02/10/2019
ID11260	0	10/10/2019
ID11261	0	14/10/2019
ID11264	0	09/10/2019
ID11265	0	12/10/2019
ID11266	0	08/10/2019
ID11267	0	14/10/2019
ID11268	0	03/10/2019
ID11269	0	01/10/2019
ID11272	1	14/10/2019
ID11274	0	14/10/2019
ID11275	0	14/10/2019
ID11276	0	07/10/2019
ID11277	0	04/10/2019
ID11278	0	05/10/2019
ID11279	0	02/10/2019
ID11280	0	13/10/2019
ID11282	0	12/10/2019
ID11284	0	03/10/2019
ID11285	0	09/10/2019
ID11286	0	10/10/2019
ID11289	0	11/10/2019
ID11291	0	06/10/2019
ID11292	0	04/10/2019
ID11294	0	07/10/2019
ID11295	0	06/10/2019
ID11296	0	09/10/2019
ID11297	0	05/10/2019
ID11298	0	10/10/2019
ID11301	0	03/10/2019
ID11303	0	01/10/2019
ID11304	1	07/10/2019
ID11306	1	15/10/2019
ID11307	0	01/10/2019
ID11308	0	08/10/2019
ID11310	0	10/10/2019
ID11311	1	14/10/2019
ID11313	0	06/10/2019
ID11315	0	10/10/2019
ID11317	1	10/10/2019
ID11319	1	03/10/2019
ID11321	0	04/10/2019
ID11322	0	12/10/2019
ID11324	0	02/10/2019
ID11325	0	01/10/2019
ID11329	1	11/10/2019
ID11330	0	02/10/2019
ID11331	0	04/10/2019
ID11332	0	09/10/2019
ID11333	0	05/10/2019
ID11334	0	02/10/2019
ID11335	0	06/10/2019
ID11336	0	11/10/2019
ID11339	0	11/10/2019
ID11345	0	03/10/2019
ID11346	0	06/10/2019
ID11347	0	08/10/2019
ID11350	0	01/10/2019
ID11351	0	13/10/2019
ID11352	0	03/10/2019
ID11353	0	07/10/2019
ID11354	0	06/10/2019
ID11357	1	05/10/2019
ID11360	0	04/10/2019
ID11364	0	06/10/2019
ID11365	0	06/10/2019
ID11367	0	13/10/2019
ID11370	0	05/10/2019
ID11371	0	09/10/2019
ID11372	0	07/10/2019
ID11373	0	02/10/2019
ID11374	0	04/10/2019
ID11375	0	05/10/2019
ID11376	0	02/10/2019
ID11378	1	01/10/2019
ID11379	1	04/10/2019
ID11380	0	01/10/2019
ID11381	0	10/10/2019
ID11382	0	09/10/2019
ID11383	0	09/10/2019
ID11384	0	01/10/2019
ID11388	0	07/10/2019
ID11389	0	07/10/2019
ID11390	0	11/10/2019
ID11391	0	06/10/2019
ID11392	0	14/10/2019
ID11393	0	13/10/2019
ID11394	0	11/10/2019
ID11395	0	11/10/2019
ID11398	0	01/10/2019
ID11400	0	11/10/2019
ID11403	0	04/10/2019
ID11404	0	04/10/2019
ID11406	1	03/10/2019
ID11407	1	14/10/2019
ID11408	1	04/10/2019
ID11410	0	07/10/2019
ID11411	0	09/10/2019
ID11413	1	14/10/2019
ID11414	0	07/10/2019
ID11415	0	12/10/2019
ID11417	1	07/10/2019
ID11418	0	11/10/2019
ID11420	0	13/10/2019
ID11421	0	02/10/2019
ID11422	0	12/10/2019
ID11423	0	02/10/2019
ID11424	0	01/10/2019
ID11427	0	02/10/2019
ID11428	0	12/10/2019
ID11429	0	04/10/2019
ID11431	0	10/10/2019
ID11432	0	11/10/2019
ID11433	0	09/10/2019
ID11435	0	06/10/2019
ID11440	0	02/10/2019
ID11441	0	13/10/2019
ID11442	0	02/10/2019
ID11443	0	10/10/2019
ID11446	0	09/10/2019
ID11449	0	08/10/2019
ID11451	0	12/10/2019
ID11452	0	03/10/2019
ID11453	0	02/10/2019
ID11454	0	09/10/2019
ID11455	0	03/10/2019
ID11457	0	05/10/2019
ID11458	0	13/10/2019
ID11461	0	14/10/2019
ID11462	0	04/10/2019
ID11463	0	06/10/2019
ID11464	0	07/10/2019
ID11465	0	13/10/2019
ID11466	1	01/10/2019
ID11467	0	10/10/2019
ID11468	0	01/10/2019
ID11469	0	08/10/2019
ID11470	0	12/10/2019
ID11471	0	08/10/2019
ID11473	0	05/10/2019
ID11475	0	08/10/2019
ID11476	1	02/10/2019
ID11477	0	08/10/2019
ID11478	0	10/10/2019
ID11480	0	06/10/2019
ID11482	0	04/10/2019
ID11485	0	10/10/2019
ID11486	0	14/10/2019
ID11488	0	07/10/2019
ID11491	0	03/10/2019
ID11492	0	03/10/2019
ID11493	0	11/10/2019
ID11494	0	03/10/2019
ID11495	0	07/10/2019
ID11498	0	07/10/2019
ID11500	0	13/10/2019
ID11501	0	08/10/2019
ID11502	0	13/10/2019
ID11504	0	03/10/2019
ID11505	0	09/10/2019
ID11506	0	14/10/2019
ID11507	0	05/10/2019
ID11510	0	11/10/2019
ID11511	0	13/10/2019
ID11512	0	03/10/2019
ID11514	0	10/10/2019
ID11517	0	07/10/2019
ID11518	0	05/10/2019
ID11520	0	03/10/2019
ID11521	0	14/10/2019
ID11522	1	04/10/2019
ID11523	0	10/10/2019
ID11525	0	10/10/2019
ID11527	0	13/10/2019
ID11529	0	12/10/2019
ID11531	0	01/10/2019
ID11532	0	02/10/2019
ID11533	1	10/10/2019
ID11534	0	12/10/2019
ID11536	0	09/10/2019
ID11538	0	12/10/2019
ID11539	0	12/10/2019
ID11540	0	02/10/2019
ID11541	0	14/10/2019
ID11542	0	04/10/2019
ID11543	0	03/10/2019
ID11544	0	06/10/2019
ID11547	0	09/10/2019
ID11549	1	14/10/2019
ID11551	0	14/10/2019
ID11552	0	07/10/2019
ID11553	0	03/10/2019
ID11554	0	14/10/2019
ID11556	0	13/10/2019
ID11557	0	14/10/2019
ID11558	0	06/10/2019
ID11559	1	01/10/2019
ID11560	0	10/10/2019
ID11563	0	06/10/2019
ID11564	0	14/10/2019
ID11565	0	13/10/2019
ID11566	0	08/10/2019
ID11567	0	02/10/2019
ID11569	0	12/10/2019
ID11570	0	06/10/2019
ID11572	0	01/10/2019
ID11574	0	03/10/2019
ID11575	0	13/10/2019
ID11576	0	09/10/2019
ID11577	0	07/10/2019
ID11578	0	02/10/2019
ID11579	0	01/10/2019
ID11581	0	07/10/2019
ID11582	0	02/10/2019
ID11583	0	09/10/2019
ID11584	0	12/10/2019
ID11585	0	11/10/2019
ID11587	0	07/10/2019
ID11589	0	02/10/2019
ID11590	0	05/10/2019
ID11591	1	02/10/2019
ID11592	0	14/10/2019
ID11596	1	04/10/2019
ID11598	0	14/10/2019
ID11601	0	11/10/2019
ID11602	0	07/10/2019
ID11608	0	14/10/2019
ID11610	1	10/10/2019
ID11613	0	14/10/2019
ID11614	0	05/10/2019
ID11616	1	07/10/2019
ID11618	0	03/10/2019
ID11619	0	10/10/2019
ID11621	0	06/10/2019
ID11624	0	13/10/2019
ID11625	0	10/10/2019
ID11626	0	02/10/2019
ID11627	0	11/10/2019
ID11628	0	03/10/2019
ID11629	0	04/10/2019
ID11631	0	10/10/2019
ID11634	0	06/10/2019
ID11637	0	03/10/2019
ID11638	0	11/10/2019
ID11639	0	07/10/2019
ID11640	0	13/10/2019
ID11641	0	02/10/2019
ID11644	0	07/10/2019
ID11645	0	05/10/2019
ID11646	0	02/10/2019
ID11649	0	02/10/2019
ID11651	0	03/10/2019
ID11652	0	05/10/2019
ID11653	0	05/10/2019
ID11657	0	05/10/2019
ID11659	0	14/10/2019
ID11660	0	09/10/2019
ID11661	0	10/10/2019
ID11663	0	11/10/2019
ID11664	0	10/10/2019
ID11669	0	07/10/2019
ID11670	0	14/10/2019
ID11671	0	07/10/2019
ID11676	0	03/10/2019
ID11677	0	14/10/2019
ID11678	0	07/10/2019
ID11679	0	11/10/2019
ID11682	0	11/10/2019
ID11683	0	11/10/2019
ID11684	0	09/10/2019
ID11685	0	09/10/2019
ID11686	0	07/10/2019
ID11687	0	10/10/2019
ID11690	0	07/10/2019
ID11692	0	13/10/2019
ID11694	0	10/10/2019
ID11695	0	11/10/2019
ID11696	0	12/10/2019
ID11697	1	10/10/2019
ID11698	0	04/10/2019
ID11700	1	03/10/2019
ID11701	0	05/10/2019
ID11702	0	02/10/2019
ID11703	0	14/10/2019
ID11705	0	06/10/2019
ID11706	0	08/10/2019
ID11710	0	03/10/2019
ID11714	0	13/10/2019
ID11715	0	05/10/2019
ID11717	0	11/10/2019
ID11718	0	14/10/2019
ID11719	0	04/10/2019
ID11720	1	08/10/2019
ID11722	0	13/10/2019
ID11723	0	05/10/2019
ID11728	0	11/10/2019
ID11733	0	11/10/2019
ID11734	0	02/10/2019
ID11735	0	08/10/2019
ID11736	0	14/10/2019
ID11737	0	09/10/2019
ID11738	0	11/10/2019
ID11740	0	01/10/2019
ID11741	0	06/10/2019
ID11742	0	07/10/2019
ID11743	0	06/10/2019
ID11744	0	06/10/2019
ID11745	0	01/10/2019
ID11746	0	12/10/2019
ID11748	0	09/10/2019
ID11749	0	05/10/2019
ID11751	0	05/10/2019
ID11753	0	08/10/2019
ID11754	0	14/10/2019
ID11755	0	06/10/2019
ID11759	1	04/10/2019
ID11760	0	04/10/2019
ID11763	0	10/10/2019
ID11765	0	07/10/2019
ID11766	0	01/10/2019
ID11769	0	12/10/2019
ID11771	0	02/10/2019
ID11772	0	11/10/2019
ID11773	0	09/10/2019
ID11775	0	04/10/2019
ID11776	0	03/10/2019
ID11778	0	02/10/2019
ID11779	0	11/10/2019
ID11782	0	10/10/2019
ID11783	0	03/10/2019
ID11784	0	08/10/2019
ID11785	0	09/10/2019
ID11786	0	10/10/2019
ID11787	0	04/10/2019
ID11788	0	01/10/2019
ID11789	0	13/10/2019
ID11790	0	09/10/2019
ID11792	0	02/10/2019
ID11798	1	04/10/2019
ID11799	0	09/10/2019
ID11801	0	06/10/2019
ID11803	0	13/10/2019
ID11806	0	07/10/2019
ID11807	0	10/10/2019
ID11808	0	10/10/2019
ID11809	0	14/10/2019
ID11812	0	04/10/2019
ID11815	0	07/10/2019
ID11816	0	07/10/2019
ID11817	0	01/10/2019
ID11820	0	06/10/2019
ID11821	0	08/10/2019
ID11822	0	13/10/2019
ID11823	0	08/10/2019
ID11825	0	08/10/2019
ID11826	0	02/10/2019
ID11827	0	06/10/2019
ID11829	0	01/10/2019
ID11831	0	12/10/2019
ID11832	0	05/10/2019
ID11833	0	06/10/2019
ID11834	0	03/10/2019
ID11835	0	14/10/2019
ID11842	1	04/10/2019
ID11843	0	09/10/2019
ID11845	0	14/10/2019
ID11847	0	02/10/2019
ID11848	0	03/10/2019
ID11849	0	04/10/2019
ID11854	0	10/10/2019
ID11855	0	14/10/2019
ID11856	0	04/10/2019
ID11857	0	02/10/2019
ID11859	0	03/10/2019
ID11861	0	11/10/2019
ID11862	1	02/10/2019
ID11865	0	13/10/2019
ID11866	0	13/10/2019
ID11868	1	02/10/2019
ID11869	0	03/10/2019
ID11870	0	10/10/2019
ID11872	0	12/10/2019
ID11873	1	04/10/2019
ID11875	0	01/10/2019
ID11878	0	04/10/2019
ID11879	0	02/10/2019
ID11881	1	08/10/2019
ID11882	0	04/10/2019
ID11885	0	08/10/2019
ID11886	0	11/10/2019
ID11889	0	12/10/2019
ID11891	0	07/10/2019
ID11894	0	11/10/2019
ID11895	0	02/10/2019
ID11899	0	09/10/2019
ID11901	0	13/10/2019
ID11906	0	14/10/2019
ID11907	0	06/10/2019
ID11911	0	14/10/2019
ID11915	0	12/10/2019
ID11917	0	10/10/2019
ID11918	0	14/10/2019
ID11925	0	09/10/2019
ID11926	0	14/10/2019
ID11929	0	07/10/2019
ID11930	0	13/10/2019
ID11931	0	02/10/2019
ID11932	0	02/10/2019
ID11934	0	07/10/2019
ID11938	0	04/10/2019
ID11942	0	12/10/2019
ID11943	0	06/10/2019
ID11944	0	04/10/2019
ID11946	0	14/10/2019
ID11947	0	03/10/2019
ID11948	0	08/10/2019
ID11949	0	09/10/2019
ID11951	0	14/10/2019
ID11953	0	10/10/2019
ID11954	0	10/10/2019
ID11955	0	02/10/2019
ID11957	0	14/10/2019
ID11959	0	02/10/2019
ID11961	0	01/10/2019
ID11963	0	05/10/2019
ID11964	0	02/10/2019
ID11967	0	02/10/2019
ID11968	0	08/10/2019
ID11969	0	08/10/2019
ID11971	0	12/10/2019
ID11972	0	06/10/2019
ID11973	0	04/10/2019
ID11975	1	12/10/2019
ID11976	0	07/10/2019
ID11977	0	09/10/2019
ID11980	0	07/10/2019
ID11982	0	13/10/2019
ID11986	0	05/10/2019
ID11988	0	07/10/2019
ID11989	0	14/10/2019
ID11990	1	15/10/2019
ID11991	0	14/10/2019
ID11992	0	08/10/2019
ID11993	0	02/10/2019
ID11994	0	08/10/2019
ID11995	0	02/10/2019
ID11997	0	12/10/2019
ID11998	0	05/10/2019
ID11999	0	06/10/2019
ID12001	0	12/10/2019
ID12003	0	04/10/2019
ID12005	0	04/10/2019
ID12006	0	12/10/2019
ID12007	0	06/10/2019
ID12012	0	02/10/2019
ID12013	0	12/10/2019
ID12014	1	14/10/2019
ID12015	0	01/10/2019
ID12016	0	05/10/2019
